run_id,timestamp,config_id,code_version,dataset_version,question_id,cluster_id,epoch,metric,score,latency_ms,cost_usd,refused
01KVQFMGKTWP6RCBTR9EXYNH69,2026-06-22T11:02:57.511966+00:00,custom-openai-k8s+470d79fa,3547fa9-dirty,sha-b69f0f6f,k8s_001,simple,1,p_at_5,1.0,10534.504132927395,0.00026655,False
01KVQFMGKTWP6RCBTR9EXYNH69,2026-06-22T11:02:57.511966+00:00,custom-openai-k8s+470d79fa,3547fa9-dirty,sha-b69f0f6f,k8s_001,simple,1,r_at_5,1.0,10534.504132927395,0.00026655,False
01KVQFMGKTWP6RCBTR9EXYNH69,2026-06-22T11:02:57.511966+00:00,custom-openai-k8s+470d79fa,3547fa9-dirty,sha-b69f0f6f,k8s_001,simple,1,khr,1.0,10534.504132927395,0.00026655,False
01KVQFMGKTWP6RCBTR9EXYNH69,2026-06-22T11:02:57.511966+00:00,custom-openai-k8s+470d79fa,3547fa9-dirty,sha-b69f0f6f,k8s_001,simple,1,citation_acc,1.0,10534.504132927395,0.00026655,False
01KVQFMGKTWP6RCBTR9EXYNH69,2026-06-22T11:02:57.511966+00:00,custom-openai-k8s+470d79fa,3547fa9-dirty,sha-b69f0f6f,k8s_002,comparison,1,p_at_5,0.6,8363.795873010531,0.00030045,False
01KVQFMGKTWP6RCBTR9EXYNH69,2026-06-22T11:02:57.511966+00:00,custom-openai-k8s+470d79fa,3547fa9-dirty,sha-b69f0f6f,k8s_002,comparison,1,r_at_5,0.5,8363.795873010531,0.00030045,False
01KVQFMGKTWP6RCBTR9EXYNH69,2026-06-22T11:02:57.511966+00:00,custom-openai-k8s+470d79fa,3547fa9-dirty,sha-b69f0f6f,k8s_002,comparison,1,khr,0.8,8363.795873010531,0.00030045,False
01KVQFMGKTWP6RCBTR9EXYNH69,2026-06-22T11:02:57.511966+00:00,custom-openai-k8s+470d79fa,3547fa9-dirty,sha-b69f0f6f,k8s_002,comparison,1,citation_acc,1.0,8363.795873010531,0.00030045,False
01KVQFMGKTWP6RCBTR9EXYNH69,2026-06-22T11:02:57.511966+00:00,custom-openai-k8s+470d79fa,3547fa9-dirty,sha-b69f0f6f,k8s_003,multi_hop,1,p_at_5,0.8,5969.577415031381,0.0003273,False
01KVQFMGKTWP6RCBTR9EXYNH69,2026-06-22T11:02:57.511966+00:00,custom-openai-k8s+470d79fa,3547fa9-dirty,sha-b69f0f6f,k8s_003,multi_hop,1,r_at_5,1.0,5969.577415031381,0.0003273,False
01KVQFMGKTWP6RCBTR9EXYNH69,2026-06-22T11:02:57.511966+00:00,custom-openai-k8s+470d79fa,3547fa9-dirty,sha-b69f0f6f,k8s_003,multi_hop,1,khr,1.0,5969.577415031381,0.0003273,False
01KVQFMGKTWP6RCBTR9EXYNH69,2026-06-22T11:02:57.511966+00:00,custom-openai-k8s+470d79fa,3547fa9-dirty,sha-b69f0f6f,k8s_003,multi_hop,1,citation_acc,1.0,5969.577415031381,0.0003273,False
01KVQFMGKTWP6RCBTR9EXYNH69,2026-06-22T11:02:57.511966+00:00,custom-openai-k8s+470d79fa,3547fa9-dirty,sha-b69f0f6f,k8s_004,false_premise,1,refusal_correct,1.0,6093.972111004405,0.00017040000000000002,True
01KVQFMGKTWP6RCBTR9EXYNH69,2026-06-22T11:02:57.511966+00:00,custom-openai-k8s+470d79fa,3547fa9-dirty,sha-b69f0f6f,k8s_005,simple_w_condition,1,p_at_5,1.0,5453.706500004046,0.00027495,False
01KVQFMGKTWP6RCBTR9EXYNH69,2026-06-22T11:02:57.511966+00:00,custom-openai-k8s+470d79fa,3547fa9-dirty,sha-b69f0f6f,k8s_005,simple_w_condition,1,r_at_5,1.0,5453.706500004046,0.00027495,False
01KVQFMGKTWP6RCBTR9EXYNH69,2026-06-22T11:02:57.511966+00:00,custom-openai-k8s+470d79fa,3547fa9-dirty,sha-b69f0f6f,k8s_005,simple_w_condition,1,khr,1.0,5453.706500004046,0.00027495,False
01KVQFMGKTWP6RCBTR9EXYNH69,2026-06-22T11:02:57.511966+00:00,custom-openai-k8s+470d79fa,3547fa9-dirty,sha-b69f0f6f,k8s_005,simple_w_condition,1,citation_acc,1.0,5453.706500004046,0.00027495,False
01KVQFMGKTWP6RCBTR9EXYNH69,2026-06-22T11:02:57.511966+00:00,custom-openai-k8s+470d79fa,3547fa9-dirty,sha-b69f0f6f,k8s_006,simple,1,p_at_5,0.6,4631.404271000065,0.00023325,False
01KVQFMGKTWP6RCBTR9EXYNH69,2026-06-22T11:02:57.511966+00:00,custom-openai-k8s+470d79fa,3547fa9-dirty,sha-b69f0f6f,k8s_006,simple,1,r_at_5,1.0,4631.404271000065,0.00023325,False
01KVQFMGKTWP6RCBTR9EXYNH69,2026-06-22T11:02:57.511966+00:00,custom-openai-k8s+470d79fa,3547fa9-dirty,sha-b69f0f6f,k8s_006,simple,1,khr,1.0,4631.404271000065,0.00023325,False
01KVQFMGKTWP6RCBTR9EXYNH69,2026-06-22T11:02:57.511966+00:00,custom-openai-k8s+470d79fa,3547fa9-dirty,sha-b69f0f6f,k8s_006,simple,1,citation_acc,1.0,4631.404271000065,0.00023325,False
01KVQFMGKTWP6RCBTR9EXYNH69,2026-06-22T11:02:57.511966+00:00,custom-openai-k8s+470d79fa,3547fa9-dirty,sha-b69f0f6f,k8s_007,simple,1,p_at_5,0.6,10399.42146197427,0.00033075,False
01KVQFMGKTWP6RCBTR9EXYNH69,2026-06-22T11:02:57.511966+00:00,custom-openai-k8s+470d79fa,3547fa9-dirty,sha-b69f0f6f,k8s_007,simple,1,r_at_5,1.0,10399.42146197427,0.00033075,False
01KVQFMGKTWP6RCBTR9EXYNH69,2026-06-22T11:02:57.511966+00:00,custom-openai-k8s+470d79fa,3547fa9-dirty,sha-b69f0f6f,k8s_007,simple,1,khr,0.6,10399.42146197427,0.00033075,False
01KVQFMGKTWP6RCBTR9EXYNH69,2026-06-22T11:02:57.511966+00:00,custom-openai-k8s+470d79fa,3547fa9-dirty,sha-b69f0f6f,k8s_007,simple,1,citation_acc,1.0,10399.42146197427,0.00033075,False
01KVQFMGKTWP6RCBTR9EXYNH69,2026-06-22T11:02:57.511966+00:00,custom-openai-k8s+470d79fa,3547fa9-dirty,sha-b69f0f6f,k8s_008,simple,1,p_at_5,1.0,12826.665314962156,0.0003759,False
01KVQFMGKTWP6RCBTR9EXYNH69,2026-06-22T11:02:57.511966+00:00,custom-openai-k8s+470d79fa,3547fa9-dirty,sha-b69f0f6f,k8s_008,simple,1,r_at_5,1.0,12826.665314962156,0.0003759,False
01KVQFMGKTWP6RCBTR9EXYNH69,2026-06-22T11:02:57.511966+00:00,custom-openai-k8s+470d79fa,3547fa9-dirty,sha-b69f0f6f,k8s_008,simple,1,khr,1.0,12826.665314962156,0.0003759,False
01KVQFMGKTWP6RCBTR9EXYNH69,2026-06-22T11:02:57.511966+00:00,custom-openai-k8s+470d79fa,3547fa9-dirty,sha-b69f0f6f,k8s_008,simple,1,citation_acc,1.0,12826.665314962156,0.0003759,False
01KVQFMGKTWP6RCBTR9EXYNH69,2026-06-22T11:02:57.511966+00:00,custom-openai-k8s+470d79fa,3547fa9-dirty,sha-b69f0f6f,k8s_009,simple,1,p_at_5,1.0,20792.63556492515,0.00026054999999999996,False
01KVQFMGKTWP6RCBTR9EXYNH69,2026-06-22T11:02:57.511966+00:00,custom-openai-k8s+470d79fa,3547fa9-dirty,sha-b69f0f6f,k8s_009,simple,1,r_at_5,1.0,20792.63556492515,0.00026054999999999996,False
01KVQFMGKTWP6RCBTR9EXYNH69,2026-06-22T11:02:57.511966+00:00,custom-openai-k8s+470d79fa,3547fa9-dirty,sha-b69f0f6f,k8s_009,simple,1,khr,1.0,20792.63556492515,0.00026054999999999996,False
01KVQFMGKTWP6RCBTR9EXYNH69,2026-06-22T11:02:57.511966+00:00,custom-openai-k8s+470d79fa,3547fa9-dirty,sha-b69f0f6f,k8s_009,simple,1,citation_acc,1.0,20792.63556492515,0.00026054999999999996,False
01KVQFMGKTWP6RCBTR9EXYNH69,2026-06-22T11:02:57.511966+00:00,custom-openai-k8s+470d79fa,3547fa9-dirty,sha-b69f0f6f,k8s_010,simple,1,p_at_5,1.0,34666.59811907448,0.00023175,False
01KVQFMGKTWP6RCBTR9EXYNH69,2026-06-22T11:02:57.511966+00:00,custom-openai-k8s+470d79fa,3547fa9-dirty,sha-b69f0f6f,k8s_010,simple,1,r_at_5,1.0,34666.59811907448,0.00023175,False
01KVQFMGKTWP6RCBTR9EXYNH69,2026-06-22T11:02:57.511966+00:00,custom-openai-k8s+470d79fa,3547fa9-dirty,sha-b69f0f6f,k8s_010,simple,1,khr,0.75,34666.59811907448,0.00023175,False
01KVQFMGKTWP6RCBTR9EXYNH69,2026-06-22T11:02:57.511966+00:00,custom-openai-k8s+470d79fa,3547fa9-dirty,sha-b69f0f6f,k8s_010,simple,1,citation_acc,1.0,34666.59811907448,0.00023175,False
01KVQFMGKTWP6RCBTR9EXYNH69,2026-06-22T11:02:57.511966+00:00,custom-openai-k8s+470d79fa,3547fa9-dirty,sha-b69f0f6f,k8s_011,simple_w_condition,1,p_at_5,0.8,82561.66452798061,0.0006546,False
01KVQFMGKTWP6RCBTR9EXYNH69,2026-06-22T11:02:57.511966+00:00,custom-openai-k8s+470d79fa,3547fa9-dirty,sha-b69f0f6f,k8s_011,simple_w_condition,1,r_at_5,1.0,82561.66452798061,0.0006546,False
01KVQFMGKTWP6RCBTR9EXYNH69,2026-06-22T11:02:57.511966+00:00,custom-openai-k8s+470d79fa,3547fa9-dirty,sha-b69f0f6f,k8s_011,simple_w_condition,1,khr,1.0,82561.66452798061,0.0006546,False
01KVQFMGKTWP6RCBTR9EXYNH69,2026-06-22T11:02:57.511966+00:00,custom-openai-k8s+470d79fa,3547fa9-dirty,sha-b69f0f6f,k8s_011,simple_w_condition,1,citation_acc,1.0,82561.66452798061,0.0006546,False
01KVQFMGKTWP6RCBTR9EXYNH69,2026-06-22T11:02:57.511966+00:00,custom-openai-k8s+470d79fa,3547fa9-dirty,sha-b69f0f6f,k8s_012,simple_w_condition,1,p_at_5,0.6,7440.058020059951,0.0002778,False
01KVQFMGKTWP6RCBTR9EXYNH69,2026-06-22T11:02:57.511966+00:00,custom-openai-k8s+470d79fa,3547fa9-dirty,sha-b69f0f6f,k8s_012,simple_w_condition,1,r_at_5,1.0,7440.058020059951,0.0002778,False
01KVQFMGKTWP6RCBTR9EXYNH69,2026-06-22T11:02:57.511966+00:00,custom-openai-k8s+470d79fa,3547fa9-dirty,sha-b69f0f6f,k8s_012,simple_w_condition,1,khr,1.0,7440.058020059951,0.0002778,False
01KVQFMGKTWP6RCBTR9EXYNH69,2026-06-22T11:02:57.511966+00:00,custom-openai-k8s+470d79fa,3547fa9-dirty,sha-b69f0f6f,k8s_012,simple_w_condition,1,citation_acc,1.0,7440.058020059951,0.0002778,False
01KVQFMGKTWP6RCBTR9EXYNH69,2026-06-22T11:02:57.511966+00:00,custom-openai-k8s+470d79fa,3547fa9-dirty,sha-b69f0f6f,k8s_013,simple_w_condition,1,p_at_5,0.8,5519.068276975304,0.0002616,False
01KVQFMGKTWP6RCBTR9EXYNH69,2026-06-22T11:02:57.511966+00:00,custom-openai-k8s+470d79fa,3547fa9-dirty,sha-b69f0f6f,k8s_013,simple_w_condition,1,r_at_5,1.0,5519.068276975304,0.0002616,False
01KVQFMGKTWP6RCBTR9EXYNH69,2026-06-22T11:02:57.511966+00:00,custom-openai-k8s+470d79fa,3547fa9-dirty,sha-b69f0f6f,k8s_013,simple_w_condition,1,khr,1.0,5519.068276975304,0.0002616,False
01KVQFMGKTWP6RCBTR9EXYNH69,2026-06-22T11:02:57.511966+00:00,custom-openai-k8s+470d79fa,3547fa9-dirty,sha-b69f0f6f,k8s_013,simple_w_condition,1,citation_acc,1.0,5519.068276975304,0.0002616,False
01KVQFMGKTWP6RCBTR9EXYNH69,2026-06-22T11:02:57.511966+00:00,custom-openai-k8s+470d79fa,3547fa9-dirty,sha-b69f0f6f,k8s_014,comparison,1,p_at_5,0.8,8475.088931969367,0.00027479999999999996,False
01KVQFMGKTWP6RCBTR9EXYNH69,2026-06-22T11:02:57.511966+00:00,custom-openai-k8s+470d79fa,3547fa9-dirty,sha-b69f0f6f,k8s_014,comparison,1,r_at_5,1.0,8475.088931969367,0.00027479999999999996,False
01KVQFMGKTWP6RCBTR9EXYNH69,2026-06-22T11:02:57.511966+00:00,custom-openai-k8s+470d79fa,3547fa9-dirty,sha-b69f0f6f,k8s_014,comparison,1,khr,1.0,8475.088931969367,0.00027479999999999996,False
01KVQFMGKTWP6RCBTR9EXYNH69,2026-06-22T11:02:57.511966+00:00,custom-openai-k8s+470d79fa,3547fa9-dirty,sha-b69f0f6f,k8s_014,comparison,1,citation_acc,1.0,8475.088931969367,0.00027479999999999996,False
01KVQFMGKTWP6RCBTR9EXYNH69,2026-06-22T11:02:57.511966+00:00,custom-openai-k8s+470d79fa,3547fa9-dirty,sha-b69f0f6f,k8s_015,comparison,1,p_at_5,1.0,5298.640785040334,0.00023204999999999998,False
01KVQFMGKTWP6RCBTR9EXYNH69,2026-06-22T11:02:57.511966+00:00,custom-openai-k8s+470d79fa,3547fa9-dirty,sha-b69f0f6f,k8s_015,comparison,1,r_at_5,0.5,5298.640785040334,0.00023204999999999998,False
01KVQFMGKTWP6RCBTR9EXYNH69,2026-06-22T11:02:57.511966+00:00,custom-openai-k8s+470d79fa,3547fa9-dirty,sha-b69f0f6f,k8s_015,comparison,1,khr,0.8,5298.640785040334,0.00023204999999999998,False
01KVQFMGKTWP6RCBTR9EXYNH69,2026-06-22T11:02:57.511966+00:00,custom-openai-k8s+470d79fa,3547fa9-dirty,sha-b69f0f6f,k8s_015,comparison,1,citation_acc,1.0,5298.640785040334,0.00023204999999999998,False
01KVQFMGKTWP6RCBTR9EXYNH69,2026-06-22T11:02:57.511966+00:00,custom-openai-k8s+470d79fa,3547fa9-dirty,sha-b69f0f6f,k8s_016,comparison,1,p_at_5,0.8,7173.717716010287,0.00028125,False
01KVQFMGKTWP6RCBTR9EXYNH69,2026-06-22T11:02:57.511966+00:00,custom-openai-k8s+470d79fa,3547fa9-dirty,sha-b69f0f6f,k8s_016,comparison,1,r_at_5,1.0,7173.717716010287,0.00028125,False
01KVQFMGKTWP6RCBTR9EXYNH69,2026-06-22T11:02:57.511966+00:00,custom-openai-k8s+470d79fa,3547fa9-dirty,sha-b69f0f6f,k8s_016,comparison,1,khr,1.0,7173.717716010287,0.00028125,False
01KVQFMGKTWP6RCBTR9EXYNH69,2026-06-22T11:02:57.511966+00:00,custom-openai-k8s+470d79fa,3547fa9-dirty,sha-b69f0f6f,k8s_016,comparison,1,citation_acc,1.0,7173.717716010287,0.00028125,False
01KVQFMGKTWP6RCBTR9EXYNH69,2026-06-22T11:02:57.511966+00:00,custom-openai-k8s+470d79fa,3547fa9-dirty,sha-b69f0f6f,k8s_017,multi_hop,1,p_at_5,1.0,3474.1737690055743,0.0002028,False
01KVQFMGKTWP6RCBTR9EXYNH69,2026-06-22T11:02:57.511966+00:00,custom-openai-k8s+470d79fa,3547fa9-dirty,sha-b69f0f6f,k8s_017,multi_hop,1,r_at_5,1.0,3474.1737690055743,0.0002028,False
01KVQFMGKTWP6RCBTR9EXYNH69,2026-06-22T11:02:57.511966+00:00,custom-openai-k8s+470d79fa,3547fa9-dirty,sha-b69f0f6f,k8s_017,multi_hop,1,khr,1.0,3474.1737690055743,0.0002028,False
01KVQFMGKTWP6RCBTR9EXYNH69,2026-06-22T11:02:57.511966+00:00,custom-openai-k8s+470d79fa,3547fa9-dirty,sha-b69f0f6f,k8s_017,multi_hop,1,citation_acc,1.0,3474.1737690055743,0.0002028,False
01KVQFMGKTWP6RCBTR9EXYNH69,2026-06-22T11:02:57.511966+00:00,custom-openai-k8s+470d79fa,3547fa9-dirty,sha-b69f0f6f,k8s_018,multi_hop,1,p_at_5,1.0,5374.3144440231845,0.0002184,False
01KVQFMGKTWP6RCBTR9EXYNH69,2026-06-22T11:02:57.511966+00:00,custom-openai-k8s+470d79fa,3547fa9-dirty,sha-b69f0f6f,k8s_018,multi_hop,1,r_at_5,1.0,5374.3144440231845,0.0002184,False
01KVQFMGKTWP6RCBTR9EXYNH69,2026-06-22T11:02:57.511966+00:00,custom-openai-k8s+470d79fa,3547fa9-dirty,sha-b69f0f6f,k8s_018,multi_hop,1,khr,0.8,5374.3144440231845,0.0002184,False
01KVQFMGKTWP6RCBTR9EXYNH69,2026-06-22T11:02:57.511966+00:00,custom-openai-k8s+470d79fa,3547fa9-dirty,sha-b69f0f6f,k8s_018,multi_hop,1,citation_acc,1.0,5374.3144440231845,0.0002184,False
01KVQFMGKTWP6RCBTR9EXYNH69,2026-06-22T11:02:57.511966+00:00,custom-openai-k8s+470d79fa,3547fa9-dirty,sha-b69f0f6f,k8s_019,multi_hop,1,p_at_5,0.6,11621.472705039196,0.0002736,False
01KVQFMGKTWP6RCBTR9EXYNH69,2026-06-22T11:02:57.511966+00:00,custom-openai-k8s+470d79fa,3547fa9-dirty,sha-b69f0f6f,k8s_019,multi_hop,1,r_at_5,1.0,11621.472705039196,0.0002736,False
01KVQFMGKTWP6RCBTR9EXYNH69,2026-06-22T11:02:57.511966+00:00,custom-openai-k8s+470d79fa,3547fa9-dirty,sha-b69f0f6f,k8s_019,multi_hop,1,khr,1.0,11621.472705039196,0.0002736,False
01KVQFMGKTWP6RCBTR9EXYNH69,2026-06-22T11:02:57.511966+00:00,custom-openai-k8s+470d79fa,3547fa9-dirty,sha-b69f0f6f,k8s_019,multi_hop,1,citation_acc,1.0,11621.472705039196,0.0002736,False
01KVQFMGKTWP6RCBTR9EXYNH69,2026-06-22T11:02:57.511966+00:00,custom-openai-k8s+470d79fa,3547fa9-dirty,sha-b69f0f6f,k8s_020,multi_hop,1,p_at_5,1.0,8661.965904990211,0.00028064999999999996,False
01KVQFMGKTWP6RCBTR9EXYNH69,2026-06-22T11:02:57.511966+00:00,custom-openai-k8s+470d79fa,3547fa9-dirty,sha-b69f0f6f,k8s_020,multi_hop,1,r_at_5,1.0,8661.965904990211,0.00028064999999999996,False
01KVQFMGKTWP6RCBTR9EXYNH69,2026-06-22T11:02:57.511966+00:00,custom-openai-k8s+470d79fa,3547fa9-dirty,sha-b69f0f6f,k8s_020,multi_hop,1,khr,0.8,8661.965904990211,0.00028064999999999996,False
01KVQFMGKTWP6RCBTR9EXYNH69,2026-06-22T11:02:57.511966+00:00,custom-openai-k8s+470d79fa,3547fa9-dirty,sha-b69f0f6f,k8s_020,multi_hop,1,citation_acc,1.0,8661.965904990211,0.00028064999999999996,False
01KVQFMGKTWP6RCBTR9EXYNH69,2026-06-22T11:02:57.511966+00:00,custom-openai-k8s+470d79fa,3547fa9-dirty,sha-b69f0f6f,k8s_021,multi_hop,1,p_at_5,1.0,9479.639860917814,0.00028125,False
01KVQFMGKTWP6RCBTR9EXYNH69,2026-06-22T11:02:57.511966+00:00,custom-openai-k8s+470d79fa,3547fa9-dirty,sha-b69f0f6f,k8s_021,multi_hop,1,r_at_5,1.0,9479.639860917814,0.00028125,False
01KVQFMGKTWP6RCBTR9EXYNH69,2026-06-22T11:02:57.511966+00:00,custom-openai-k8s+470d79fa,3547fa9-dirty,sha-b69f0f6f,k8s_021,multi_hop,1,khr,1.0,9479.639860917814,0.00028125,False
01KVQFMGKTWP6RCBTR9EXYNH69,2026-06-22T11:02:57.511966+00:00,custom-openai-k8s+470d79fa,3547fa9-dirty,sha-b69f0f6f,k8s_021,multi_hop,1,citation_acc,1.0,9479.639860917814,0.00028125,False
01KVQFMGKTWP6RCBTR9EXYNH69,2026-06-22T11:02:57.511966+00:00,custom-openai-k8s+470d79fa,3547fa9-dirty,sha-b69f0f6f,k8s_022,false_premise,1,p_at_5,0.6,7145.154614932835,0.00021525,False
01KVQFMGKTWP6RCBTR9EXYNH69,2026-06-22T11:02:57.511966+00:00,custom-openai-k8s+470d79fa,3547fa9-dirty,sha-b69f0f6f,k8s_022,false_premise,1,r_at_5,1.0,7145.154614932835,0.00021525,False
01KVQFMGKTWP6RCBTR9EXYNH69,2026-06-22T11:02:57.511966+00:00,custom-openai-k8s+470d79fa,3547fa9-dirty,sha-b69f0f6f,k8s_022,false_premise,1,khr,0.8,7145.154614932835,0.00021525,False
01KVQFMGKTWP6RCBTR9EXYNH69,2026-06-22T11:02:57.511966+00:00,custom-openai-k8s+470d79fa,3547fa9-dirty,sha-b69f0f6f,k8s_023,false_premise,1,p_at_5,0.6,6045.267462031916,0.00021465,False
01KVQFMGKTWP6RCBTR9EXYNH69,2026-06-22T11:02:57.511966+00:00,custom-openai-k8s+470d79fa,3547fa9-dirty,sha-b69f0f6f,k8s_023,false_premise,1,r_at_5,1.0,6045.267462031916,0.00021465,False
01KVQFMGKTWP6RCBTR9EXYNH69,2026-06-22T11:02:57.511966+00:00,custom-openai-k8s+470d79fa,3547fa9-dirty,sha-b69f0f6f,k8s_023,false_premise,1,khr,0.5,6045.267462031916,0.00021465,False
01KVQFMGKTWP6RCBTR9EXYNH69,2026-06-22T11:02:57.511966+00:00,custom-openai-k8s+470d79fa,3547fa9-dirty,sha-b69f0f6f,k8s_023,false_premise,1,citation_acc,1.0,6045.267462031916,0.00021465,False
01KVQFMGKTWP6RCBTR9EXYNH69,2026-06-22T11:02:57.511966+00:00,custom-openai-k8s+470d79fa,3547fa9-dirty,sha-b69f0f6f,k8s_024,false_premise,1,refusal_correct,1.0,6916.447937022895,0.00018885,True
01KVQFMGKTWP6RCBTR9EXYNH69,2026-06-22T11:02:57.511966+00:00,custom-openai-k8s+470d79fa,3547fa9-dirty,sha-b69f0f6f,k8s_025,set,1,p_at_5,0.8,7260.110414004885,0.0002592,False
01KVQFMGKTWP6RCBTR9EXYNH69,2026-06-22T11:02:57.511966+00:00,custom-openai-k8s+470d79fa,3547fa9-dirty,sha-b69f0f6f,k8s_025,set,1,r_at_5,1.0,7260.110414004885,0.0002592,False
01KVQFMGKTWP6RCBTR9EXYNH69,2026-06-22T11:02:57.511966+00:00,custom-openai-k8s+470d79fa,3547fa9-dirty,sha-b69f0f6f,k8s_025,set,1,khr,0.5,7260.110414004885,0.0002592,False
01KVQFMGKTWP6RCBTR9EXYNH69,2026-06-22T11:02:57.511966+00:00,custom-openai-k8s+470d79fa,3547fa9-dirty,sha-b69f0f6f,k8s_025,set,1,citation_acc,1.0,7260.110414004885,0.0002592,False
01KVQFMGKTWP6RCBTR9EXYNH69,2026-06-22T11:06:23.428072+00:00,custom-openai-k8s+470d79fa,3547fa9-dirty,sha-b69f0f6f,k8s_001,simple,2,p_at_5,1.0,6704.957767971791,0.00026835,False
01KVQFMGKTWP6RCBTR9EXYNH69,2026-06-22T11:06:23.428072+00:00,custom-openai-k8s+470d79fa,3547fa9-dirty,sha-b69f0f6f,k8s_001,simple,2,r_at_5,1.0,6704.957767971791,0.00026835,False
01KVQFMGKTWP6RCBTR9EXYNH69,2026-06-22T11:06:23.428072+00:00,custom-openai-k8s+470d79fa,3547fa9-dirty,sha-b69f0f6f,k8s_001,simple,2,khr,1.0,6704.957767971791,0.00026835,False
01KVQFMGKTWP6RCBTR9EXYNH69,2026-06-22T11:06:23.428072+00:00,custom-openai-k8s+470d79fa,3547fa9-dirty,sha-b69f0f6f,k8s_001,simple,2,citation_acc,1.0,6704.957767971791,0.00026835,False
01KVQFMGKTWP6RCBTR9EXYNH69,2026-06-22T11:06:23.428072+00:00,custom-openai-k8s+470d79fa,3547fa9-dirty,sha-b69f0f6f,k8s_002,comparison,2,p_at_5,0.6,8581.136021064594,0.00030045,False
01KVQFMGKTWP6RCBTR9EXYNH69,2026-06-22T11:06:23.428072+00:00,custom-openai-k8s+470d79fa,3547fa9-dirty,sha-b69f0f6f,k8s_002,comparison,2,r_at_5,0.5,8581.136021064594,0.00030045,False
01KVQFMGKTWP6RCBTR9EXYNH69,2026-06-22T11:06:23.428072+00:00,custom-openai-k8s+470d79fa,3547fa9-dirty,sha-b69f0f6f,k8s_002,comparison,2,khr,0.8,8581.136021064594,0.00030045,False
01KVQFMGKTWP6RCBTR9EXYNH69,2026-06-22T11:06:23.428072+00:00,custom-openai-k8s+470d79fa,3547fa9-dirty,sha-b69f0f6f,k8s_002,comparison,2,citation_acc,1.0,8581.136021064594,0.00030045,False
01KVQFMGKTWP6RCBTR9EXYNH69,2026-06-22T11:06:23.428072+00:00,custom-openai-k8s+470d79fa,3547fa9-dirty,sha-b69f0f6f,k8s_003,multi_hop,2,p_at_5,0.8,6971.704054973088,0.0003093,False
01KVQFMGKTWP6RCBTR9EXYNH69,2026-06-22T11:06:23.428072+00:00,custom-openai-k8s+470d79fa,3547fa9-dirty,sha-b69f0f6f,k8s_003,multi_hop,2,r_at_5,1.0,6971.704054973088,0.0003093,False
01KVQFMGKTWP6RCBTR9EXYNH69,2026-06-22T11:06:23.428072+00:00,custom-openai-k8s+470d79fa,3547fa9-dirty,sha-b69f0f6f,k8s_003,multi_hop,2,khr,1.0,6971.704054973088,0.0003093,False
01KVQFMGKTWP6RCBTR9EXYNH69,2026-06-22T11:06:23.428072+00:00,custom-openai-k8s+470d79fa,3547fa9-dirty,sha-b69f0f6f,k8s_003,multi_hop,2,citation_acc,1.0,6971.704054973088,0.0003093,False
01KVQFMGKTWP6RCBTR9EXYNH69,2026-06-22T11:06:23.428072+00:00,custom-openai-k8s+470d79fa,3547fa9-dirty,sha-b69f0f6f,k8s_004,false_premise,2,refusal_correct,1.0,4869.362136931159,0.00017040000000000002,True
01KVQFMGKTWP6RCBTR9EXYNH69,2026-06-22T11:06:23.428072+00:00,custom-openai-k8s+470d79fa,3547fa9-dirty,sha-b69f0f6f,k8s_005,simple_w_condition,2,p_at_5,1.0,5996.799053042196,0.00027375,False
01KVQFMGKTWP6RCBTR9EXYNH69,2026-06-22T11:06:23.428072+00:00,custom-openai-k8s+470d79fa,3547fa9-dirty,sha-b69f0f6f,k8s_005,simple_w_condition,2,r_at_5,1.0,5996.799053042196,0.00027375,False
01KVQFMGKTWP6RCBTR9EXYNH69,2026-06-22T11:06:23.428072+00:00,custom-openai-k8s+470d79fa,3547fa9-dirty,sha-b69f0f6f,k8s_005,simple_w_condition,2,khr,1.0,5996.799053042196,0.00027375,False
01KVQFMGKTWP6RCBTR9EXYNH69,2026-06-22T11:06:23.428072+00:00,custom-openai-k8s+470d79fa,3547fa9-dirty,sha-b69f0f6f,k8s_005,simple_w_condition,2,citation_acc,1.0,5996.799053042196,0.00027375,False
01KVQFMGKTWP6RCBTR9EXYNH69,2026-06-22T11:06:23.428072+00:00,custom-openai-k8s+470d79fa,3547fa9-dirty,sha-b69f0f6f,k8s_006,simple,2,p_at_5,0.6,4381.421522935852,0.00022664999999999998,False
01KVQFMGKTWP6RCBTR9EXYNH69,2026-06-22T11:06:23.428072+00:00,custom-openai-k8s+470d79fa,3547fa9-dirty,sha-b69f0f6f,k8s_006,simple,2,r_at_5,1.0,4381.421522935852,0.00022664999999999998,False
01KVQFMGKTWP6RCBTR9EXYNH69,2026-06-22T11:06:23.428072+00:00,custom-openai-k8s+470d79fa,3547fa9-dirty,sha-b69f0f6f,k8s_006,simple,2,khr,1.0,4381.421522935852,0.00022664999999999998,False
01KVQFMGKTWP6RCBTR9EXYNH69,2026-06-22T11:06:23.428072+00:00,custom-openai-k8s+470d79fa,3547fa9-dirty,sha-b69f0f6f,k8s_006,simple,2,citation_acc,1.0,4381.421522935852,0.00022664999999999998,False
01KVQFMGKTWP6RCBTR9EXYNH69,2026-06-22T11:06:23.428072+00:00,custom-openai-k8s+470d79fa,3547fa9-dirty,sha-b69f0f6f,k8s_007,simple,2,p_at_5,0.6,9779.631982906722,0.00032954999999999996,False
01KVQFMGKTWP6RCBTR9EXYNH69,2026-06-22T11:06:23.428072+00:00,custom-openai-k8s+470d79fa,3547fa9-dirty,sha-b69f0f6f,k8s_007,simple,2,r_at_5,1.0,9779.631982906722,0.00032954999999999996,False
01KVQFMGKTWP6RCBTR9EXYNH69,2026-06-22T11:06:23.428072+00:00,custom-openai-k8s+470d79fa,3547fa9-dirty,sha-b69f0f6f,k8s_007,simple,2,khr,0.8,9779.631982906722,0.00032954999999999996,False
01KVQFMGKTWP6RCBTR9EXYNH69,2026-06-22T11:06:23.428072+00:00,custom-openai-k8s+470d79fa,3547fa9-dirty,sha-b69f0f6f,k8s_007,simple,2,citation_acc,1.0,9779.631982906722,0.00032954999999999996,False
01KVQFMGKTWP6RCBTR9EXYNH69,2026-06-22T11:06:23.428072+00:00,custom-openai-k8s+470d79fa,3547fa9-dirty,sha-b69f0f6f,k8s_008,simple,2,p_at_5,1.0,6363.463719026186,0.0003741,False
01KVQFMGKTWP6RCBTR9EXYNH69,2026-06-22T11:06:23.428072+00:00,custom-openai-k8s+470d79fa,3547fa9-dirty,sha-b69f0f6f,k8s_008,simple,2,r_at_5,1.0,6363.463719026186,0.0003741,False
01KVQFMGKTWP6RCBTR9EXYNH69,2026-06-22T11:06:23.428072+00:00,custom-openai-k8s+470d79fa,3547fa9-dirty,sha-b69f0f6f,k8s_008,simple,2,khr,1.0,6363.463719026186,0.0003741,False
01KVQFMGKTWP6RCBTR9EXYNH69,2026-06-22T11:06:23.428072+00:00,custom-openai-k8s+470d79fa,3547fa9-dirty,sha-b69f0f6f,k8s_008,simple,2,citation_acc,1.0,6363.463719026186,0.0003741,False
01KVQFMGKTWP6RCBTR9EXYNH69,2026-06-22T11:06:23.428072+00:00,custom-openai-k8s+470d79fa,3547fa9-dirty,sha-b69f0f6f,k8s_009,simple,2,p_at_5,1.0,5465.543013997376,0.00026775,False
01KVQFMGKTWP6RCBTR9EXYNH69,2026-06-22T11:06:23.428072+00:00,custom-openai-k8s+470d79fa,3547fa9-dirty,sha-b69f0f6f,k8s_009,simple,2,r_at_5,1.0,5465.543013997376,0.00026775,False
01KVQFMGKTWP6RCBTR9EXYNH69,2026-06-22T11:06:23.428072+00:00,custom-openai-k8s+470d79fa,3547fa9-dirty,sha-b69f0f6f,k8s_009,simple,2,khr,1.0,5465.543013997376,0.00026775,False
01KVQFMGKTWP6RCBTR9EXYNH69,2026-06-22T11:06:23.428072+00:00,custom-openai-k8s+470d79fa,3547fa9-dirty,sha-b69f0f6f,k8s_009,simple,2,citation_acc,1.0,5465.543013997376,0.00026775,False
01KVQFMGKTWP6RCBTR9EXYNH69,2026-06-22T11:06:23.428072+00:00,custom-openai-k8s+470d79fa,3547fa9-dirty,sha-b69f0f6f,k8s_010,simple,2,p_at_5,1.0,5415.879016974941,0.00023175,False
01KVQFMGKTWP6RCBTR9EXYNH69,2026-06-22T11:06:23.428072+00:00,custom-openai-k8s+470d79fa,3547fa9-dirty,sha-b69f0f6f,k8s_010,simple,2,r_at_5,1.0,5415.879016974941,0.00023175,False
01KVQFMGKTWP6RCBTR9EXYNH69,2026-06-22T11:06:23.428072+00:00,custom-openai-k8s+470d79fa,3547fa9-dirty,sha-b69f0f6f,k8s_010,simple,2,khr,0.75,5415.879016974941,0.00023175,False
01KVQFMGKTWP6RCBTR9EXYNH69,2026-06-22T11:06:23.428072+00:00,custom-openai-k8s+470d79fa,3547fa9-dirty,sha-b69f0f6f,k8s_010,simple,2,citation_acc,1.0,5415.879016974941,0.00023175,False
01KVQFMGKTWP6RCBTR9EXYNH69,2026-06-22T11:06:23.428072+00:00,custom-openai-k8s+470d79fa,3547fa9-dirty,sha-b69f0f6f,k8s_011,simple_w_condition,2,p_at_5,0.8,13206.284628948197,0.0006658500000000001,False
01KVQFMGKTWP6RCBTR9EXYNH69,2026-06-22T11:06:23.428072+00:00,custom-openai-k8s+470d79fa,3547fa9-dirty,sha-b69f0f6f,k8s_011,simple_w_condition,2,r_at_5,1.0,13206.284628948197,0.0006658500000000001,False
01KVQFMGKTWP6RCBTR9EXYNH69,2026-06-22T11:06:23.428072+00:00,custom-openai-k8s+470d79fa,3547fa9-dirty,sha-b69f0f6f,k8s_011,simple_w_condition,2,khr,1.0,13206.284628948197,0.0006658500000000001,False
01KVQFMGKTWP6RCBTR9EXYNH69,2026-06-22T11:06:23.428072+00:00,custom-openai-k8s+470d79fa,3547fa9-dirty,sha-b69f0f6f,k8s_011,simple_w_condition,2,citation_acc,1.0,13206.284628948197,0.0006658500000000001,False
01KVQFMGKTWP6RCBTR9EXYNH69,2026-06-22T11:06:23.428072+00:00,custom-openai-k8s+470d79fa,3547fa9-dirty,sha-b69f0f6f,k8s_012,simple_w_condition,2,p_at_5,0.6,7277.073098928668,0.0002778,False
01KVQFMGKTWP6RCBTR9EXYNH69,2026-06-22T11:06:23.428072+00:00,custom-openai-k8s+470d79fa,3547fa9-dirty,sha-b69f0f6f,k8s_012,simple_w_condition,2,r_at_5,1.0,7277.073098928668,0.0002778,False
01KVQFMGKTWP6RCBTR9EXYNH69,2026-06-22T11:06:23.428072+00:00,custom-openai-k8s+470d79fa,3547fa9-dirty,sha-b69f0f6f,k8s_012,simple_w_condition,2,khr,1.0,7277.073098928668,0.0002778,False
01KVQFMGKTWP6RCBTR9EXYNH69,2026-06-22T11:06:23.428072+00:00,custom-openai-k8s+470d79fa,3547fa9-dirty,sha-b69f0f6f,k8s_012,simple_w_condition,2,citation_acc,1.0,7277.073098928668,0.0002778,False
01KVQFMGKTWP6RCBTR9EXYNH69,2026-06-22T11:06:23.428072+00:00,custom-openai-k8s+470d79fa,3547fa9-dirty,sha-b69f0f6f,k8s_013,simple_w_condition,2,p_at_5,0.8,11023.91061000526,0.00037815,False
01KVQFMGKTWP6RCBTR9EXYNH69,2026-06-22T11:06:23.428072+00:00,custom-openai-k8s+470d79fa,3547fa9-dirty,sha-b69f0f6f,k8s_013,simple_w_condition,2,r_at_5,1.0,11023.91061000526,0.00037815,False
01KVQFMGKTWP6RCBTR9EXYNH69,2026-06-22T11:06:23.428072+00:00,custom-openai-k8s+470d79fa,3547fa9-dirty,sha-b69f0f6f,k8s_013,simple_w_condition,2,khr,1.0,11023.91061000526,0.00037815,False
01KVQFMGKTWP6RCBTR9EXYNH69,2026-06-22T11:06:23.428072+00:00,custom-openai-k8s+470d79fa,3547fa9-dirty,sha-b69f0f6f,k8s_013,simple_w_condition,2,citation_acc,1.0,11023.91061000526,0.00037815,False
01KVQFMGKTWP6RCBTR9EXYNH69,2026-06-22T11:06:23.428072+00:00,custom-openai-k8s+470d79fa,3547fa9-dirty,sha-b69f0f6f,k8s_014,comparison,2,p_at_5,0.8,6849.1933540208265,0.0002778,False
01KVQFMGKTWP6RCBTR9EXYNH69,2026-06-22T11:06:23.428072+00:00,custom-openai-k8s+470d79fa,3547fa9-dirty,sha-b69f0f6f,k8s_014,comparison,2,r_at_5,1.0,6849.1933540208265,0.0002778,False
01KVQFMGKTWP6RCBTR9EXYNH69,2026-06-22T11:06:23.428072+00:00,custom-openai-k8s+470d79fa,3547fa9-dirty,sha-b69f0f6f,k8s_014,comparison,2,khr,1.0,6849.1933540208265,0.0002778,False
01KVQFMGKTWP6RCBTR9EXYNH69,2026-06-22T11:06:23.428072+00:00,custom-openai-k8s+470d79fa,3547fa9-dirty,sha-b69f0f6f,k8s_014,comparison,2,citation_acc,1.0,6849.1933540208265,0.0002778,False
01KVQFMGKTWP6RCBTR9EXYNH69,2026-06-22T11:06:23.428072+00:00,custom-openai-k8s+470d79fa,3547fa9-dirty,sha-b69f0f6f,k8s_015,comparison,2,p_at_5,1.0,5103.885874967091,0.00023084999999999997,False
01KVQFMGKTWP6RCBTR9EXYNH69,2026-06-22T11:06:23.428072+00:00,custom-openai-k8s+470d79fa,3547fa9-dirty,sha-b69f0f6f,k8s_015,comparison,2,r_at_5,0.5,5103.885874967091,0.00023084999999999997,False
01KVQFMGKTWP6RCBTR9EXYNH69,2026-06-22T11:06:23.428072+00:00,custom-openai-k8s+470d79fa,3547fa9-dirty,sha-b69f0f6f,k8s_015,comparison,2,khr,0.8,5103.885874967091,0.00023084999999999997,False
01KVQFMGKTWP6RCBTR9EXYNH69,2026-06-22T11:06:23.428072+00:00,custom-openai-k8s+470d79fa,3547fa9-dirty,sha-b69f0f6f,k8s_015,comparison,2,citation_acc,1.0,5103.885874967091,0.00023084999999999997,False
01KVQFMGKTWP6RCBTR9EXYNH69,2026-06-22T11:06:23.428072+00:00,custom-openai-k8s+470d79fa,3547fa9-dirty,sha-b69f0f6f,k8s_016,comparison,2,p_at_5,0.8,7205.321399029344,0.00026625,False
01KVQFMGKTWP6RCBTR9EXYNH69,2026-06-22T11:06:23.428072+00:00,custom-openai-k8s+470d79fa,3547fa9-dirty,sha-b69f0f6f,k8s_016,comparison,2,r_at_5,1.0,7205.321399029344,0.00026625,False
01KVQFMGKTWP6RCBTR9EXYNH69,2026-06-22T11:06:23.428072+00:00,custom-openai-k8s+470d79fa,3547fa9-dirty,sha-b69f0f6f,k8s_016,comparison,2,khr,1.0,7205.321399029344,0.00026625,False
01KVQFMGKTWP6RCBTR9EXYNH69,2026-06-22T11:06:23.428072+00:00,custom-openai-k8s+470d79fa,3547fa9-dirty,sha-b69f0f6f,k8s_016,comparison,2,citation_acc,1.0,7205.321399029344,0.00026625,False
01KVQFMGKTWP6RCBTR9EXYNH69,2026-06-22T11:06:23.428072+00:00,custom-openai-k8s+470d79fa,3547fa9-dirty,sha-b69f0f6f,k8s_017,multi_hop,2,p_at_5,1.0,3618.8835999928415,0.0002028,False
01KVQFMGKTWP6RCBTR9EXYNH69,2026-06-22T11:06:23.428072+00:00,custom-openai-k8s+470d79fa,3547fa9-dirty,sha-b69f0f6f,k8s_017,multi_hop,2,r_at_5,1.0,3618.8835999928415,0.0002028,False
01KVQFMGKTWP6RCBTR9EXYNH69,2026-06-22T11:06:23.428072+00:00,custom-openai-k8s+470d79fa,3547fa9-dirty,sha-b69f0f6f,k8s_017,multi_hop,2,khr,1.0,3618.8835999928415,0.0002028,False
01KVQFMGKTWP6RCBTR9EXYNH69,2026-06-22T11:06:23.428072+00:00,custom-openai-k8s+470d79fa,3547fa9-dirty,sha-b69f0f6f,k8s_017,multi_hop,2,citation_acc,1.0,3618.8835999928415,0.0002028,False
01KVQFMGKTWP6RCBTR9EXYNH69,2026-06-22T11:06:23.428072+00:00,custom-openai-k8s+470d79fa,3547fa9-dirty,sha-b69f0f6f,k8s_018,multi_hop,2,p_at_5,1.0,3754.5843850821257,0.0002184,False
01KVQFMGKTWP6RCBTR9EXYNH69,2026-06-22T11:06:23.428072+00:00,custom-openai-k8s+470d79fa,3547fa9-dirty,sha-b69f0f6f,k8s_018,multi_hop,2,r_at_5,1.0,3754.5843850821257,0.0002184,False
01KVQFMGKTWP6RCBTR9EXYNH69,2026-06-22T11:06:23.428072+00:00,custom-openai-k8s+470d79fa,3547fa9-dirty,sha-b69f0f6f,k8s_018,multi_hop,2,khr,0.8,3754.5843850821257,0.0002184,False
01KVQFMGKTWP6RCBTR9EXYNH69,2026-06-22T11:06:23.428072+00:00,custom-openai-k8s+470d79fa,3547fa9-dirty,sha-b69f0f6f,k8s_018,multi_hop,2,citation_acc,1.0,3754.5843850821257,0.0002184,False
01KVQFMGKTWP6RCBTR9EXYNH69,2026-06-22T11:06:23.428072+00:00,custom-openai-k8s+470d79fa,3547fa9-dirty,sha-b69f0f6f,k8s_019,multi_hop,2,p_at_5,0.6,8445.952037000097,0.0002712,False
01KVQFMGKTWP6RCBTR9EXYNH69,2026-06-22T11:06:23.428072+00:00,custom-openai-k8s+470d79fa,3547fa9-dirty,sha-b69f0f6f,k8s_019,multi_hop,2,r_at_5,1.0,8445.952037000097,0.0002712,False
01KVQFMGKTWP6RCBTR9EXYNH69,2026-06-22T11:06:23.428072+00:00,custom-openai-k8s+470d79fa,3547fa9-dirty,sha-b69f0f6f,k8s_019,multi_hop,2,khr,1.0,8445.952037000097,0.0002712,False
01KVQFMGKTWP6RCBTR9EXYNH69,2026-06-22T11:06:23.428072+00:00,custom-openai-k8s+470d79fa,3547fa9-dirty,sha-b69f0f6f,k8s_019,multi_hop,2,citation_acc,1.0,8445.952037000097,0.0002712,False
01KVQFMGKTWP6RCBTR9EXYNH69,2026-06-22T11:06:23.428072+00:00,custom-openai-k8s+470d79fa,3547fa9-dirty,sha-b69f0f6f,k8s_020,multi_hop,2,p_at_5,1.0,8857.467471971177,0.00027525,False
01KVQFMGKTWP6RCBTR9EXYNH69,2026-06-22T11:06:23.428072+00:00,custom-openai-k8s+470d79fa,3547fa9-dirty,sha-b69f0f6f,k8s_020,multi_hop,2,r_at_5,1.0,8857.467471971177,0.00027525,False
01KVQFMGKTWP6RCBTR9EXYNH69,2026-06-22T11:06:23.428072+00:00,custom-openai-k8s+470d79fa,3547fa9-dirty,sha-b69f0f6f,k8s_020,multi_hop,2,khr,0.8,8857.467471971177,0.00027525,False
01KVQFMGKTWP6RCBTR9EXYNH69,2026-06-22T11:06:23.428072+00:00,custom-openai-k8s+470d79fa,3547fa9-dirty,sha-b69f0f6f,k8s_020,multi_hop,2,citation_acc,1.0,8857.467471971177,0.00027525,False
01KVQFMGKTWP6RCBTR9EXYNH69,2026-06-22T11:06:23.428072+00:00,custom-openai-k8s+470d79fa,3547fa9-dirty,sha-b69f0f6f,k8s_021,multi_hop,2,p_at_5,1.0,13184.711065026931,0.00026984999999999997,False
01KVQFMGKTWP6RCBTR9EXYNH69,2026-06-22T11:06:23.428072+00:00,custom-openai-k8s+470d79fa,3547fa9-dirty,sha-b69f0f6f,k8s_021,multi_hop,2,r_at_5,1.0,13184.711065026931,0.00026984999999999997,False
01KVQFMGKTWP6RCBTR9EXYNH69,2026-06-22T11:06:23.428072+00:00,custom-openai-k8s+470d79fa,3547fa9-dirty,sha-b69f0f6f,k8s_021,multi_hop,2,khr,1.0,13184.711065026931,0.00026984999999999997,False
01KVQFMGKTWP6RCBTR9EXYNH69,2026-06-22T11:06:23.428072+00:00,custom-openai-k8s+470d79fa,3547fa9-dirty,sha-b69f0f6f,k8s_021,multi_hop,2,citation_acc,1.0,13184.711065026931,0.00026984999999999997,False
01KVQFMGKTWP6RCBTR9EXYNH69,2026-06-22T11:06:23.428072+00:00,custom-openai-k8s+470d79fa,3547fa9-dirty,sha-b69f0f6f,k8s_022,false_premise,2,p_at_5,0.2,12026.793811004609,0.00019634999999999998,False
01KVQFMGKTWP6RCBTR9EXYNH69,2026-06-22T11:06:23.428072+00:00,custom-openai-k8s+470d79fa,3547fa9-dirty,sha-b69f0f6f,k8s_022,false_premise,2,r_at_5,1.0,12026.793811004609,0.00019634999999999998,False
01KVQFMGKTWP6RCBTR9EXYNH69,2026-06-22T11:06:23.428072+00:00,custom-openai-k8s+470d79fa,3547fa9-dirty,sha-b69f0f6f,k8s_022,false_premise,2,khr,0.8,12026.793811004609,0.00019634999999999998,False
01KVQFMGKTWP6RCBTR9EXYNH69,2026-06-22T11:06:23.428072+00:00,custom-openai-k8s+470d79fa,3547fa9-dirty,sha-b69f0f6f,k8s_023,false_premise,2,p_at_5,0.6,6458.991626976058,0.00021465,False
01KVQFMGKTWP6RCBTR9EXYNH69,2026-06-22T11:06:23.428072+00:00,custom-openai-k8s+470d79fa,3547fa9-dirty,sha-b69f0f6f,k8s_023,false_premise,2,r_at_5,1.0,6458.991626976058,0.00021465,False
01KVQFMGKTWP6RCBTR9EXYNH69,2026-06-22T11:06:23.428072+00:00,custom-openai-k8s+470d79fa,3547fa9-dirty,sha-b69f0f6f,k8s_023,false_premise,2,khr,0.5,6458.991626976058,0.00021465,False
01KVQFMGKTWP6RCBTR9EXYNH69,2026-06-22T11:06:23.428072+00:00,custom-openai-k8s+470d79fa,3547fa9-dirty,sha-b69f0f6f,k8s_023,false_premise,2,citation_acc,1.0,6458.991626976058,0.00021465,False
01KVQFMGKTWP6RCBTR9EXYNH69,2026-06-22T11:06:23.428072+00:00,custom-openai-k8s+470d79fa,3547fa9-dirty,sha-b69f0f6f,k8s_024,false_premise,2,refusal_correct,1.0,6353.9487139787525,0.00018885,True
01KVQFMGKTWP6RCBTR9EXYNH69,2026-06-22T11:06:23.428072+00:00,custom-openai-k8s+470d79fa,3547fa9-dirty,sha-b69f0f6f,k8s_025,set,2,p_at_5,0.8,8184.534850995988,0.0002604,False
01KVQFMGKTWP6RCBTR9EXYNH69,2026-06-22T11:06:23.428072+00:00,custom-openai-k8s+470d79fa,3547fa9-dirty,sha-b69f0f6f,k8s_025,set,2,r_at_5,1.0,8184.534850995988,0.0002604,False
01KVQFMGKTWP6RCBTR9EXYNH69,2026-06-22T11:06:23.428072+00:00,custom-openai-k8s+470d79fa,3547fa9-dirty,sha-b69f0f6f,k8s_025,set,2,khr,0.5,8184.534850995988,0.0002604,False
01KVQFMGKTWP6RCBTR9EXYNH69,2026-06-22T11:06:23.428072+00:00,custom-openai-k8s+470d79fa,3547fa9-dirty,sha-b69f0f6f,k8s_025,set,2,citation_acc,1.0,8184.534850995988,0.0002604,False
01KVQFMGKTWP6RCBTR9EXYNH69,2026-06-22T11:09:37.255553+00:00,custom-openai-k8s+470d79fa,3547fa9-dirty,sha-b69f0f6f,k8s_001,simple,3,p_at_5,1.0,7130.148925003596,0.00026895,False
01KVQFMGKTWP6RCBTR9EXYNH69,2026-06-22T11:09:37.255553+00:00,custom-openai-k8s+470d79fa,3547fa9-dirty,sha-b69f0f6f,k8s_001,simple,3,r_at_5,1.0,7130.148925003596,0.00026895,False
01KVQFMGKTWP6RCBTR9EXYNH69,2026-06-22T11:09:37.255553+00:00,custom-openai-k8s+470d79fa,3547fa9-dirty,sha-b69f0f6f,k8s_001,simple,3,khr,1.0,7130.148925003596,0.00026895,False
01KVQFMGKTWP6RCBTR9EXYNH69,2026-06-22T11:09:37.255553+00:00,custom-openai-k8s+470d79fa,3547fa9-dirty,sha-b69f0f6f,k8s_001,simple,3,citation_acc,1.0,7130.148925003596,0.00026895,False
01KVQFMGKTWP6RCBTR9EXYNH69,2026-06-22T11:09:37.255553+00:00,custom-openai-k8s+470d79fa,3547fa9-dirty,sha-b69f0f6f,k8s_002,comparison,3,p_at_5,0.6,8275.924984016456,0.00030045,False
01KVQFMGKTWP6RCBTR9EXYNH69,2026-06-22T11:09:37.255553+00:00,custom-openai-k8s+470d79fa,3547fa9-dirty,sha-b69f0f6f,k8s_002,comparison,3,r_at_5,0.5,8275.924984016456,0.00030045,False
01KVQFMGKTWP6RCBTR9EXYNH69,2026-06-22T11:09:37.255553+00:00,custom-openai-k8s+470d79fa,3547fa9-dirty,sha-b69f0f6f,k8s_002,comparison,3,khr,0.8,8275.924984016456,0.00030045,False
01KVQFMGKTWP6RCBTR9EXYNH69,2026-06-22T11:09:37.255553+00:00,custom-openai-k8s+470d79fa,3547fa9-dirty,sha-b69f0f6f,k8s_002,comparison,3,citation_acc,1.0,8275.924984016456,0.00030045,False
01KVQFMGKTWP6RCBTR9EXYNH69,2026-06-22T11:09:37.255553+00:00,custom-openai-k8s+470d79fa,3547fa9-dirty,sha-b69f0f6f,k8s_003,multi_hop,3,p_at_5,0.8,6807.21864302177,0.0003183,False
01KVQFMGKTWP6RCBTR9EXYNH69,2026-06-22T11:09:37.255553+00:00,custom-openai-k8s+470d79fa,3547fa9-dirty,sha-b69f0f6f,k8s_003,multi_hop,3,r_at_5,1.0,6807.21864302177,0.0003183,False
01KVQFMGKTWP6RCBTR9EXYNH69,2026-06-22T11:09:37.255553+00:00,custom-openai-k8s+470d79fa,3547fa9-dirty,sha-b69f0f6f,k8s_003,multi_hop,3,khr,1.0,6807.21864302177,0.0003183,False
01KVQFMGKTWP6RCBTR9EXYNH69,2026-06-22T11:09:37.255553+00:00,custom-openai-k8s+470d79fa,3547fa9-dirty,sha-b69f0f6f,k8s_003,multi_hop,3,citation_acc,1.0,6807.21864302177,0.0003183,False
01KVQFMGKTWP6RCBTR9EXYNH69,2026-06-22T11:09:37.255553+00:00,custom-openai-k8s+470d79fa,3547fa9-dirty,sha-b69f0f6f,k8s_004,false_premise,3,refusal_correct,1.0,4867.715070024133,0.00017040000000000002,True
01KVQFMGKTWP6RCBTR9EXYNH69,2026-06-22T11:09:37.255553+00:00,custom-openai-k8s+470d79fa,3547fa9-dirty,sha-b69f0f6f,k8s_005,simple_w_condition,3,p_at_5,1.0,5178.604115964845,0.00027315,False
01KVQFMGKTWP6RCBTR9EXYNH69,2026-06-22T11:09:37.255553+00:00,custom-openai-k8s+470d79fa,3547fa9-dirty,sha-b69f0f6f,k8s_005,simple_w_condition,3,r_at_5,1.0,5178.604115964845,0.00027315,False
01KVQFMGKTWP6RCBTR9EXYNH69,2026-06-22T11:09:37.255553+00:00,custom-openai-k8s+470d79fa,3547fa9-dirty,sha-b69f0f6f,k8s_005,simple_w_condition,3,khr,1.0,5178.604115964845,0.00027315,False
01KVQFMGKTWP6RCBTR9EXYNH69,2026-06-22T11:09:37.255553+00:00,custom-openai-k8s+470d79fa,3547fa9-dirty,sha-b69f0f6f,k8s_005,simple_w_condition,3,citation_acc,1.0,5178.604115964845,0.00027315,False
01KVQFMGKTWP6RCBTR9EXYNH69,2026-06-22T11:09:37.255553+00:00,custom-openai-k8s+470d79fa,3547fa9-dirty,sha-b69f0f6f,k8s_006,simple,3,p_at_5,0.8,6755.894448026083,0.0002223,False
01KVQFMGKTWP6RCBTR9EXYNH69,2026-06-22T11:09:37.255553+00:00,custom-openai-k8s+470d79fa,3547fa9-dirty,sha-b69f0f6f,k8s_006,simple,3,r_at_5,1.0,6755.894448026083,0.0002223,False
01KVQFMGKTWP6RCBTR9EXYNH69,2026-06-22T11:09:37.255553+00:00,custom-openai-k8s+470d79fa,3547fa9-dirty,sha-b69f0f6f,k8s_006,simple,3,khr,1.0,6755.894448026083,0.0002223,False
01KVQFMGKTWP6RCBTR9EXYNH69,2026-06-22T11:09:37.255553+00:00,custom-openai-k8s+470d79fa,3547fa9-dirty,sha-b69f0f6f,k8s_006,simple,3,citation_acc,1.0,6755.894448026083,0.0002223,False
01KVQFMGKTWP6RCBTR9EXYNH69,2026-06-22T11:09:37.255553+00:00,custom-openai-k8s+470d79fa,3547fa9-dirty,sha-b69f0f6f,k8s_007,simple,3,p_at_5,0.6,9252.112707006745,0.00033614999999999996,False
01KVQFMGKTWP6RCBTR9EXYNH69,2026-06-22T11:09:37.255553+00:00,custom-openai-k8s+470d79fa,3547fa9-dirty,sha-b69f0f6f,k8s_007,simple,3,r_at_5,1.0,9252.112707006745,0.00033614999999999996,False
01KVQFMGKTWP6RCBTR9EXYNH69,2026-06-22T11:09:37.255553+00:00,custom-openai-k8s+470d79fa,3547fa9-dirty,sha-b69f0f6f,k8s_007,simple,3,khr,0.6,9252.112707006745,0.00033614999999999996,False
01KVQFMGKTWP6RCBTR9EXYNH69,2026-06-22T11:09:37.255553+00:00,custom-openai-k8s+470d79fa,3547fa9-dirty,sha-b69f0f6f,k8s_007,simple,3,citation_acc,1.0,9252.112707006745,0.00033614999999999996,False
01KVQFMGKTWP6RCBTR9EXYNH69,2026-06-22T11:09:37.255553+00:00,custom-openai-k8s+470d79fa,3547fa9-dirty,sha-b69f0f6f,k8s_008,simple,3,p_at_5,1.0,5509.355084970593,0.0003741,False
01KVQFMGKTWP6RCBTR9EXYNH69,2026-06-22T11:09:37.255553+00:00,custom-openai-k8s+470d79fa,3547fa9-dirty,sha-b69f0f6f,k8s_008,simple,3,r_at_5,1.0,5509.355084970593,0.0003741,False
01KVQFMGKTWP6RCBTR9EXYNH69,2026-06-22T11:09:37.255553+00:00,custom-openai-k8s+470d79fa,3547fa9-dirty,sha-b69f0f6f,k8s_008,simple,3,khr,1.0,5509.355084970593,0.0003741,False
01KVQFMGKTWP6RCBTR9EXYNH69,2026-06-22T11:09:37.255553+00:00,custom-openai-k8s+470d79fa,3547fa9-dirty,sha-b69f0f6f,k8s_008,simple,3,citation_acc,1.0,5509.355084970593,0.0003741,False
01KVQFMGKTWP6RCBTR9EXYNH69,2026-06-22T11:09:37.255553+00:00,custom-openai-k8s+470d79fa,3547fa9-dirty,sha-b69f0f6f,k8s_009,simple,3,p_at_5,1.0,6349.184036022052,0.00026775,False
01KVQFMGKTWP6RCBTR9EXYNH69,2026-06-22T11:09:37.255553+00:00,custom-openai-k8s+470d79fa,3547fa9-dirty,sha-b69f0f6f,k8s_009,simple,3,r_at_5,1.0,6349.184036022052,0.00026775,False
01KVQFMGKTWP6RCBTR9EXYNH69,2026-06-22T11:09:37.255553+00:00,custom-openai-k8s+470d79fa,3547fa9-dirty,sha-b69f0f6f,k8s_009,simple,3,khr,1.0,6349.184036022052,0.00026775,False
01KVQFMGKTWP6RCBTR9EXYNH69,2026-06-22T11:09:37.255553+00:00,custom-openai-k8s+470d79fa,3547fa9-dirty,sha-b69f0f6f,k8s_009,simple,3,citation_acc,1.0,6349.184036022052,0.00026775,False
01KVQFMGKTWP6RCBTR9EXYNH69,2026-06-22T11:09:37.255553+00:00,custom-openai-k8s+470d79fa,3547fa9-dirty,sha-b69f0f6f,k8s_010,simple,3,p_at_5,1.0,5925.995281897485,0.00025815,False
01KVQFMGKTWP6RCBTR9EXYNH69,2026-06-22T11:09:37.255553+00:00,custom-openai-k8s+470d79fa,3547fa9-dirty,sha-b69f0f6f,k8s_010,simple,3,r_at_5,1.0,5925.995281897485,0.00025815,False
01KVQFMGKTWP6RCBTR9EXYNH69,2026-06-22T11:09:37.255553+00:00,custom-openai-k8s+470d79fa,3547fa9-dirty,sha-b69f0f6f,k8s_010,simple,3,khr,1.0,5925.995281897485,0.00025815,False
01KVQFMGKTWP6RCBTR9EXYNH69,2026-06-22T11:09:37.255553+00:00,custom-openai-k8s+470d79fa,3547fa9-dirty,sha-b69f0f6f,k8s_010,simple,3,citation_acc,1.0,5925.995281897485,0.00025815,False
01KVQFMGKTWP6RCBTR9EXYNH69,2026-06-22T11:09:37.255553+00:00,custom-openai-k8s+470d79fa,3547fa9-dirty,sha-b69f0f6f,k8s_011,simple_w_condition,3,p_at_5,0.8,13366.409369045869,0.00066945,False
01KVQFMGKTWP6RCBTR9EXYNH69,2026-06-22T11:09:37.255553+00:00,custom-openai-k8s+470d79fa,3547fa9-dirty,sha-b69f0f6f,k8s_011,simple_w_condition,3,r_at_5,1.0,13366.409369045869,0.00066945,False
01KVQFMGKTWP6RCBTR9EXYNH69,2026-06-22T11:09:37.255553+00:00,custom-openai-k8s+470d79fa,3547fa9-dirty,sha-b69f0f6f,k8s_011,simple_w_condition,3,khr,1.0,13366.409369045869,0.00066945,False
01KVQFMGKTWP6RCBTR9EXYNH69,2026-06-22T11:09:37.255553+00:00,custom-openai-k8s+470d79fa,3547fa9-dirty,sha-b69f0f6f,k8s_011,simple_w_condition,3,citation_acc,1.0,13366.409369045869,0.00066945,False
01KVQFMGKTWP6RCBTR9EXYNH69,2026-06-22T11:09:37.255553+00:00,custom-openai-k8s+470d79fa,3547fa9-dirty,sha-b69f0f6f,k8s_012,simple_w_condition,3,p_at_5,0.6,6618.120562983677,0.0002766,False
01KVQFMGKTWP6RCBTR9EXYNH69,2026-06-22T11:09:37.255553+00:00,custom-openai-k8s+470d79fa,3547fa9-dirty,sha-b69f0f6f,k8s_012,simple_w_condition,3,r_at_5,1.0,6618.120562983677,0.0002766,False
01KVQFMGKTWP6RCBTR9EXYNH69,2026-06-22T11:09:37.255553+00:00,custom-openai-k8s+470d79fa,3547fa9-dirty,sha-b69f0f6f,k8s_012,simple_w_condition,3,khr,1.0,6618.120562983677,0.0002766,False
01KVQFMGKTWP6RCBTR9EXYNH69,2026-06-22T11:09:37.255553+00:00,custom-openai-k8s+470d79fa,3547fa9-dirty,sha-b69f0f6f,k8s_012,simple_w_condition,3,citation_acc,1.0,6618.120562983677,0.0002766,False
01KVQFMGKTWP6RCBTR9EXYNH69,2026-06-22T11:09:37.255553+00:00,custom-openai-k8s+470d79fa,3547fa9-dirty,sha-b69f0f6f,k8s_013,simple_w_condition,3,p_at_5,0.8,5869.744685012847,0.0002784,False
01KVQFMGKTWP6RCBTR9EXYNH69,2026-06-22T11:09:37.255553+00:00,custom-openai-k8s+470d79fa,3547fa9-dirty,sha-b69f0f6f,k8s_013,simple_w_condition,3,r_at_5,1.0,5869.744685012847,0.0002784,False
01KVQFMGKTWP6RCBTR9EXYNH69,2026-06-22T11:09:37.255553+00:00,custom-openai-k8s+470d79fa,3547fa9-dirty,sha-b69f0f6f,k8s_013,simple_w_condition,3,khr,1.0,5869.744685012847,0.0002784,False
01KVQFMGKTWP6RCBTR9EXYNH69,2026-06-22T11:09:37.255553+00:00,custom-openai-k8s+470d79fa,3547fa9-dirty,sha-b69f0f6f,k8s_013,simple_w_condition,3,citation_acc,1.0,5869.744685012847,0.0002784,False
01KVQFMGKTWP6RCBTR9EXYNH69,2026-06-22T11:09:37.255553+00:00,custom-openai-k8s+470d79fa,3547fa9-dirty,sha-b69f0f6f,k8s_014,comparison,3,p_at_5,0.8,11819.007262936793,0.00027479999999999996,False
01KVQFMGKTWP6RCBTR9EXYNH69,2026-06-22T11:09:37.255553+00:00,custom-openai-k8s+470d79fa,3547fa9-dirty,sha-b69f0f6f,k8s_014,comparison,3,r_at_5,1.0,11819.007262936793,0.00027479999999999996,False
01KVQFMGKTWP6RCBTR9EXYNH69,2026-06-22T11:09:37.255553+00:00,custom-openai-k8s+470d79fa,3547fa9-dirty,sha-b69f0f6f,k8s_014,comparison,3,khr,1.0,11819.007262936793,0.00027479999999999996,False
01KVQFMGKTWP6RCBTR9EXYNH69,2026-06-22T11:09:37.255553+00:00,custom-openai-k8s+470d79fa,3547fa9-dirty,sha-b69f0f6f,k8s_014,comparison,3,citation_acc,1.0,11819.007262936793,0.00027479999999999996,False
01KVQFMGKTWP6RCBTR9EXYNH69,2026-06-22T11:09:37.255553+00:00,custom-openai-k8s+470d79fa,3547fa9-dirty,sha-b69f0f6f,k8s_015,comparison,3,p_at_5,1.0,6518.070506979711,0.00023204999999999998,False
01KVQFMGKTWP6RCBTR9EXYNH69,2026-06-22T11:09:37.255553+00:00,custom-openai-k8s+470d79fa,3547fa9-dirty,sha-b69f0f6f,k8s_015,comparison,3,r_at_5,0.5,6518.070506979711,0.00023204999999999998,False
01KVQFMGKTWP6RCBTR9EXYNH69,2026-06-22T11:09:37.255553+00:00,custom-openai-k8s+470d79fa,3547fa9-dirty,sha-b69f0f6f,k8s_015,comparison,3,khr,0.8,6518.070506979711,0.00023204999999999998,False
01KVQFMGKTWP6RCBTR9EXYNH69,2026-06-22T11:09:37.255553+00:00,custom-openai-k8s+470d79fa,3547fa9-dirty,sha-b69f0f6f,k8s_015,comparison,3,citation_acc,1.0,6518.070506979711,0.00023204999999999998,False
01KVQFMGKTWP6RCBTR9EXYNH69,2026-06-22T11:09:37.255553+00:00,custom-openai-k8s+470d79fa,3547fa9-dirty,sha-b69f0f6f,k8s_016,comparison,3,p_at_5,0.8,7093.098065000959,0.00026984999999999997,False
01KVQFMGKTWP6RCBTR9EXYNH69,2026-06-22T11:09:37.255553+00:00,custom-openai-k8s+470d79fa,3547fa9-dirty,sha-b69f0f6f,k8s_016,comparison,3,r_at_5,1.0,7093.098065000959,0.00026984999999999997,False
01KVQFMGKTWP6RCBTR9EXYNH69,2026-06-22T11:09:37.255553+00:00,custom-openai-k8s+470d79fa,3547fa9-dirty,sha-b69f0f6f,k8s_016,comparison,3,khr,1.0,7093.098065000959,0.00026984999999999997,False
01KVQFMGKTWP6RCBTR9EXYNH69,2026-06-22T11:09:37.255553+00:00,custom-openai-k8s+470d79fa,3547fa9-dirty,sha-b69f0f6f,k8s_016,comparison,3,citation_acc,1.0,7093.098065000959,0.00026984999999999997,False
01KVQFMGKTWP6RCBTR9EXYNH69,2026-06-22T11:09:37.255553+00:00,custom-openai-k8s+470d79fa,3547fa9-dirty,sha-b69f0f6f,k8s_017,multi_hop,3,p_at_5,1.0,6075.281776953489,0.00021644999999999998,False
01KVQFMGKTWP6RCBTR9EXYNH69,2026-06-22T11:09:37.255553+00:00,custom-openai-k8s+470d79fa,3547fa9-dirty,sha-b69f0f6f,k8s_017,multi_hop,3,r_at_5,1.0,6075.281776953489,0.00021644999999999998,False
01KVQFMGKTWP6RCBTR9EXYNH69,2026-06-22T11:09:37.255553+00:00,custom-openai-k8s+470d79fa,3547fa9-dirty,sha-b69f0f6f,k8s_017,multi_hop,3,khr,0.8,6075.281776953489,0.00021644999999999998,False
01KVQFMGKTWP6RCBTR9EXYNH69,2026-06-22T11:09:37.255553+00:00,custom-openai-k8s+470d79fa,3547fa9-dirty,sha-b69f0f6f,k8s_017,multi_hop,3,citation_acc,1.0,6075.281776953489,0.00021644999999999998,False
01KVQFMGKTWP6RCBTR9EXYNH69,2026-06-22T11:09:37.255553+00:00,custom-openai-k8s+470d79fa,3547fa9-dirty,sha-b69f0f6f,k8s_018,multi_hop,3,p_at_5,1.0,3149.386735050939,0.0002184,False
01KVQFMGKTWP6RCBTR9EXYNH69,2026-06-22T11:09:37.255553+00:00,custom-openai-k8s+470d79fa,3547fa9-dirty,sha-b69f0f6f,k8s_018,multi_hop,3,r_at_5,1.0,3149.386735050939,0.0002184,False
01KVQFMGKTWP6RCBTR9EXYNH69,2026-06-22T11:09:37.255553+00:00,custom-openai-k8s+470d79fa,3547fa9-dirty,sha-b69f0f6f,k8s_018,multi_hop,3,khr,0.8,3149.386735050939,0.0002184,False
01KVQFMGKTWP6RCBTR9EXYNH69,2026-06-22T11:09:37.255553+00:00,custom-openai-k8s+470d79fa,3547fa9-dirty,sha-b69f0f6f,k8s_018,multi_hop,3,citation_acc,1.0,3149.386735050939,0.0002184,False
01KVQFMGKTWP6RCBTR9EXYNH69,2026-06-22T11:09:37.255553+00:00,custom-openai-k8s+470d79fa,3547fa9-dirty,sha-b69f0f6f,k8s_019,multi_hop,3,p_at_5,0.6,8358.315190998837,0.0002736,False
01KVQFMGKTWP6RCBTR9EXYNH69,2026-06-22T11:09:37.255553+00:00,custom-openai-k8s+470d79fa,3547fa9-dirty,sha-b69f0f6f,k8s_019,multi_hop,3,r_at_5,1.0,8358.315190998837,0.0002736,False
01KVQFMGKTWP6RCBTR9EXYNH69,2026-06-22T11:09:37.255553+00:00,custom-openai-k8s+470d79fa,3547fa9-dirty,sha-b69f0f6f,k8s_019,multi_hop,3,khr,1.0,8358.315190998837,0.0002736,False
01KVQFMGKTWP6RCBTR9EXYNH69,2026-06-22T11:09:37.255553+00:00,custom-openai-k8s+470d79fa,3547fa9-dirty,sha-b69f0f6f,k8s_019,multi_hop,3,citation_acc,1.0,8358.315190998837,0.0002736,False
01KVQFMGKTWP6RCBTR9EXYNH69,2026-06-22T11:09:37.255553+00:00,custom-openai-k8s+470d79fa,3547fa9-dirty,sha-b69f0f6f,k8s_020,multi_hop,3,p_at_5,1.0,6007.05425394699,0.00027885000000000003,False
01KVQFMGKTWP6RCBTR9EXYNH69,2026-06-22T11:09:37.255553+00:00,custom-openai-k8s+470d79fa,3547fa9-dirty,sha-b69f0f6f,k8s_020,multi_hop,3,r_at_5,1.0,6007.05425394699,0.00027885000000000003,False
01KVQFMGKTWP6RCBTR9EXYNH69,2026-06-22T11:09:37.255553+00:00,custom-openai-k8s+470d79fa,3547fa9-dirty,sha-b69f0f6f,k8s_020,multi_hop,3,khr,0.8,6007.05425394699,0.00027885000000000003,False
01KVQFMGKTWP6RCBTR9EXYNH69,2026-06-22T11:09:37.255553+00:00,custom-openai-k8s+470d79fa,3547fa9-dirty,sha-b69f0f6f,k8s_020,multi_hop,3,citation_acc,1.0,6007.05425394699,0.00027885000000000003,False
01KVQFMGKTWP6RCBTR9EXYNH69,2026-06-22T11:09:37.255553+00:00,custom-openai-k8s+470d79fa,3547fa9-dirty,sha-b69f0f6f,k8s_021,multi_hop,3,p_at_5,1.0,6925.8338639047,0.00026924999999999996,False
01KVQFMGKTWP6RCBTR9EXYNH69,2026-06-22T11:09:37.255553+00:00,custom-openai-k8s+470d79fa,3547fa9-dirty,sha-b69f0f6f,k8s_021,multi_hop,3,r_at_5,1.0,6925.8338639047,0.00026924999999999996,False
01KVQFMGKTWP6RCBTR9EXYNH69,2026-06-22T11:09:37.255553+00:00,custom-openai-k8s+470d79fa,3547fa9-dirty,sha-b69f0f6f,k8s_021,multi_hop,3,khr,1.0,6925.8338639047,0.00026924999999999996,False
01KVQFMGKTWP6RCBTR9EXYNH69,2026-06-22T11:09:37.255553+00:00,custom-openai-k8s+470d79fa,3547fa9-dirty,sha-b69f0f6f,k8s_021,multi_hop,3,citation_acc,1.0,6925.8338639047,0.00026924999999999996,False
01KVQFMGKTWP6RCBTR9EXYNH69,2026-06-22T11:09:37.255553+00:00,custom-openai-k8s+470d79fa,3547fa9-dirty,sha-b69f0f6f,k8s_022,false_premise,3,p_at_5,0.2,6043.88857097365,0.00018135,True
01KVQFMGKTWP6RCBTR9EXYNH69,2026-06-22T11:09:37.255553+00:00,custom-openai-k8s+470d79fa,3547fa9-dirty,sha-b69f0f6f,k8s_022,false_premise,3,r_at_5,1.0,6043.88857097365,0.00018135,True
01KVQFMGKTWP6RCBTR9EXYNH69,2026-06-22T11:09:37.255553+00:00,custom-openai-k8s+470d79fa,3547fa9-dirty,sha-b69f0f6f,k8s_022,false_premise,3,khr,0.2,6043.88857097365,0.00018135,True
01KVQFMGKTWP6RCBTR9EXYNH69,2026-06-22T11:09:37.255553+00:00,custom-openai-k8s+470d79fa,3547fa9-dirty,sha-b69f0f6f,k8s_023,false_premise,3,p_at_5,0.6,5809.8558619385585,0.00021465,False
01KVQFMGKTWP6RCBTR9EXYNH69,2026-06-22T11:09:37.255553+00:00,custom-openai-k8s+470d79fa,3547fa9-dirty,sha-b69f0f6f,k8s_023,false_premise,3,r_at_5,1.0,5809.8558619385585,0.00021465,False
01KVQFMGKTWP6RCBTR9EXYNH69,2026-06-22T11:09:37.255553+00:00,custom-openai-k8s+470d79fa,3547fa9-dirty,sha-b69f0f6f,k8s_023,false_premise,3,khr,0.5,5809.8558619385585,0.00021465,False
01KVQFMGKTWP6RCBTR9EXYNH69,2026-06-22T11:09:37.255553+00:00,custom-openai-k8s+470d79fa,3547fa9-dirty,sha-b69f0f6f,k8s_023,false_premise,3,citation_acc,1.0,5809.8558619385585,0.00021465,False
01KVQFMGKTWP6RCBTR9EXYNH69,2026-06-22T11:09:37.255553+00:00,custom-openai-k8s+470d79fa,3547fa9-dirty,sha-b69f0f6f,k8s_024,false_premise,3,refusal_correct,1.0,7698.473311029375,0.00018885,True
01KVQFMGKTWP6RCBTR9EXYNH69,2026-06-22T11:09:37.255553+00:00,custom-openai-k8s+470d79fa,3547fa9-dirty,sha-b69f0f6f,k8s_025,set,3,p_at_5,0.8,7208.40442890767,0.0002604,False
01KVQFMGKTWP6RCBTR9EXYNH69,2026-06-22T11:09:37.255553+00:00,custom-openai-k8s+470d79fa,3547fa9-dirty,sha-b69f0f6f,k8s_025,set,3,r_at_5,1.0,7208.40442890767,0.0002604,False
01KVQFMGKTWP6RCBTR9EXYNH69,2026-06-22T11:09:37.255553+00:00,custom-openai-k8s+470d79fa,3547fa9-dirty,sha-b69f0f6f,k8s_025,set,3,khr,0.5,7208.40442890767,0.0002604,False
01KVQFMGKTWP6RCBTR9EXYNH69,2026-06-22T11:09:37.255553+00:00,custom-openai-k8s+470d79fa,3547fa9-dirty,sha-b69f0f6f,k8s_025,set,3,citation_acc,1.0,7208.40442890767,0.0002604,False
01KVQFMGKTWP6RCBTR9EXYNH69,2026-06-22T11:12:56.235507+00:00,custom-openai-k8s+470d79fa,3547fa9-dirty,sha-b69f0f6f,k8s_001,simple,4,p_at_5,1.0,7196.484665037133,0.00027375,False
01KVQFMGKTWP6RCBTR9EXYNH69,2026-06-22T11:12:56.235507+00:00,custom-openai-k8s+470d79fa,3547fa9-dirty,sha-b69f0f6f,k8s_001,simple,4,r_at_5,1.0,7196.484665037133,0.00027375,False
01KVQFMGKTWP6RCBTR9EXYNH69,2026-06-22T11:12:56.235507+00:00,custom-openai-k8s+470d79fa,3547fa9-dirty,sha-b69f0f6f,k8s_001,simple,4,khr,1.0,7196.484665037133,0.00027375,False
01KVQFMGKTWP6RCBTR9EXYNH69,2026-06-22T11:12:56.235507+00:00,custom-openai-k8s+470d79fa,3547fa9-dirty,sha-b69f0f6f,k8s_001,simple,4,citation_acc,1.0,7196.484665037133,0.00027375,False
01KVQFMGKTWP6RCBTR9EXYNH69,2026-06-22T11:12:56.235507+00:00,custom-openai-k8s+470d79fa,3547fa9-dirty,sha-b69f0f6f,k8s_002,comparison,4,p_at_5,0.6,8615.278666024096,0.00030045,False
01KVQFMGKTWP6RCBTR9EXYNH69,2026-06-22T11:12:56.235507+00:00,custom-openai-k8s+470d79fa,3547fa9-dirty,sha-b69f0f6f,k8s_002,comparison,4,r_at_5,0.5,8615.278666024096,0.00030045,False
01KVQFMGKTWP6RCBTR9EXYNH69,2026-06-22T11:12:56.235507+00:00,custom-openai-k8s+470d79fa,3547fa9-dirty,sha-b69f0f6f,k8s_002,comparison,4,khr,0.8,8615.278666024096,0.00030045,False
01KVQFMGKTWP6RCBTR9EXYNH69,2026-06-22T11:12:56.235507+00:00,custom-openai-k8s+470d79fa,3547fa9-dirty,sha-b69f0f6f,k8s_002,comparison,4,citation_acc,1.0,8615.278666024096,0.00030045,False
01KVQFMGKTWP6RCBTR9EXYNH69,2026-06-22T11:12:56.235507+00:00,custom-openai-k8s+470d79fa,3547fa9-dirty,sha-b69f0f6f,k8s_003,multi_hop,4,p_at_5,0.8,8529.681824962609,0.00032190000000000007,False
01KVQFMGKTWP6RCBTR9EXYNH69,2026-06-22T11:12:56.235507+00:00,custom-openai-k8s+470d79fa,3547fa9-dirty,sha-b69f0f6f,k8s_003,multi_hop,4,r_at_5,1.0,8529.681824962609,0.00032190000000000007,False
01KVQFMGKTWP6RCBTR9EXYNH69,2026-06-22T11:12:56.235507+00:00,custom-openai-k8s+470d79fa,3547fa9-dirty,sha-b69f0f6f,k8s_003,multi_hop,4,khr,1.0,8529.681824962609,0.00032190000000000007,False
01KVQFMGKTWP6RCBTR9EXYNH69,2026-06-22T11:12:56.235507+00:00,custom-openai-k8s+470d79fa,3547fa9-dirty,sha-b69f0f6f,k8s_003,multi_hop,4,citation_acc,1.0,8529.681824962609,0.00032190000000000007,False
01KVQFMGKTWP6RCBTR9EXYNH69,2026-06-22T11:12:56.235507+00:00,custom-openai-k8s+470d79fa,3547fa9-dirty,sha-b69f0f6f,k8s_004,false_premise,4,refusal_correct,1.0,4947.97552190721,0.0001917,True
01KVQFMGKTWP6RCBTR9EXYNH69,2026-06-22T11:12:56.235507+00:00,custom-openai-k8s+470d79fa,3547fa9-dirty,sha-b69f0f6f,k8s_005,simple_w_condition,4,p_at_5,0.8,5281.773617025465,0.00019875,False
01KVQFMGKTWP6RCBTR9EXYNH69,2026-06-22T11:12:56.235507+00:00,custom-openai-k8s+470d79fa,3547fa9-dirty,sha-b69f0f6f,k8s_005,simple_w_condition,4,r_at_5,1.0,5281.773617025465,0.00019875,False
01KVQFMGKTWP6RCBTR9EXYNH69,2026-06-22T11:12:56.235507+00:00,custom-openai-k8s+470d79fa,3547fa9-dirty,sha-b69f0f6f,k8s_005,simple_w_condition,4,khr,0.6,5281.773617025465,0.00019875,False
01KVQFMGKTWP6RCBTR9EXYNH69,2026-06-22T11:12:56.235507+00:00,custom-openai-k8s+470d79fa,3547fa9-dirty,sha-b69f0f6f,k8s_006,simple,4,p_at_5,0.6,4520.288181025535,0.00023385,False
01KVQFMGKTWP6RCBTR9EXYNH69,2026-06-22T11:12:56.235507+00:00,custom-openai-k8s+470d79fa,3547fa9-dirty,sha-b69f0f6f,k8s_006,simple,4,r_at_5,1.0,4520.288181025535,0.00023385,False
01KVQFMGKTWP6RCBTR9EXYNH69,2026-06-22T11:12:56.235507+00:00,custom-openai-k8s+470d79fa,3547fa9-dirty,sha-b69f0f6f,k8s_006,simple,4,khr,1.0,4520.288181025535,0.00023385,False
01KVQFMGKTWP6RCBTR9EXYNH69,2026-06-22T11:12:56.235507+00:00,custom-openai-k8s+470d79fa,3547fa9-dirty,sha-b69f0f6f,k8s_006,simple,4,citation_acc,1.0,4520.288181025535,0.00023385,False
01KVQFMGKTWP6RCBTR9EXYNH69,2026-06-22T11:12:56.235507+00:00,custom-openai-k8s+470d79fa,3547fa9-dirty,sha-b69f0f6f,k8s_007,simple,4,p_at_5,0.6,8982.201909995638,0.00032895,False
01KVQFMGKTWP6RCBTR9EXYNH69,2026-06-22T11:12:56.235507+00:00,custom-openai-k8s+470d79fa,3547fa9-dirty,sha-b69f0f6f,k8s_007,simple,4,r_at_5,1.0,8982.201909995638,0.00032895,False
01KVQFMGKTWP6RCBTR9EXYNH69,2026-06-22T11:12:56.235507+00:00,custom-openai-k8s+470d79fa,3547fa9-dirty,sha-b69f0f6f,k8s_007,simple,4,khr,0.6,8982.201909995638,0.00032895,False
01KVQFMGKTWP6RCBTR9EXYNH69,2026-06-22T11:12:56.235507+00:00,custom-openai-k8s+470d79fa,3547fa9-dirty,sha-b69f0f6f,k8s_007,simple,4,citation_acc,1.0,8982.201909995638,0.00032895,False
01KVQFMGKTWP6RCBTR9EXYNH69,2026-06-22T11:12:56.235507+00:00,custom-openai-k8s+470d79fa,3547fa9-dirty,sha-b69f0f6f,k8s_008,simple,4,p_at_5,1.0,6275.211888016202,0.0003759,False
01KVQFMGKTWP6RCBTR9EXYNH69,2026-06-22T11:12:56.235507+00:00,custom-openai-k8s+470d79fa,3547fa9-dirty,sha-b69f0f6f,k8s_008,simple,4,r_at_5,1.0,6275.211888016202,0.0003759,False
01KVQFMGKTWP6RCBTR9EXYNH69,2026-06-22T11:12:56.235507+00:00,custom-openai-k8s+470d79fa,3547fa9-dirty,sha-b69f0f6f,k8s_008,simple,4,khr,1.0,6275.211888016202,0.0003759,False
01KVQFMGKTWP6RCBTR9EXYNH69,2026-06-22T11:12:56.235507+00:00,custom-openai-k8s+470d79fa,3547fa9-dirty,sha-b69f0f6f,k8s_008,simple,4,citation_acc,1.0,6275.211888016202,0.0003759,False
01KVQFMGKTWP6RCBTR9EXYNH69,2026-06-22T11:12:56.235507+00:00,custom-openai-k8s+470d79fa,3547fa9-dirty,sha-b69f0f6f,k8s_009,simple,4,p_at_5,1.0,4656.828769017011,0.00026054999999999996,False
01KVQFMGKTWP6RCBTR9EXYNH69,2026-06-22T11:12:56.235507+00:00,custom-openai-k8s+470d79fa,3547fa9-dirty,sha-b69f0f6f,k8s_009,simple,4,r_at_5,1.0,4656.828769017011,0.00026054999999999996,False
01KVQFMGKTWP6RCBTR9EXYNH69,2026-06-22T11:12:56.235507+00:00,custom-openai-k8s+470d79fa,3547fa9-dirty,sha-b69f0f6f,k8s_009,simple,4,khr,1.0,4656.828769017011,0.00026054999999999996,False
01KVQFMGKTWP6RCBTR9EXYNH69,2026-06-22T11:12:56.235507+00:00,custom-openai-k8s+470d79fa,3547fa9-dirty,sha-b69f0f6f,k8s_009,simple,4,citation_acc,1.0,4656.828769017011,0.00026054999999999996,False
01KVQFMGKTWP6RCBTR9EXYNH69,2026-06-22T11:12:56.235507+00:00,custom-openai-k8s+470d79fa,3547fa9-dirty,sha-b69f0f6f,k8s_010,simple,4,p_at_5,1.0,5635.09584707208,0.00025935,False
01KVQFMGKTWP6RCBTR9EXYNH69,2026-06-22T11:12:56.235507+00:00,custom-openai-k8s+470d79fa,3547fa9-dirty,sha-b69f0f6f,k8s_010,simple,4,r_at_5,1.0,5635.09584707208,0.00025935,False
01KVQFMGKTWP6RCBTR9EXYNH69,2026-06-22T11:12:56.235507+00:00,custom-openai-k8s+470d79fa,3547fa9-dirty,sha-b69f0f6f,k8s_010,simple,4,khr,1.0,5635.09584707208,0.00025935,False
01KVQFMGKTWP6RCBTR9EXYNH69,2026-06-22T11:12:56.235507+00:00,custom-openai-k8s+470d79fa,3547fa9-dirty,sha-b69f0f6f,k8s_010,simple,4,citation_acc,1.0,5635.09584707208,0.00025935,False
01KVQFMGKTWP6RCBTR9EXYNH69,2026-06-22T11:12:56.235507+00:00,custom-openai-k8s+470d79fa,3547fa9-dirty,sha-b69f0f6f,k8s_011,simple_w_condition,4,p_at_5,0.8,19261.181187001057,0.0006718500000000001,False
01KVQFMGKTWP6RCBTR9EXYNH69,2026-06-22T11:12:56.235507+00:00,custom-openai-k8s+470d79fa,3547fa9-dirty,sha-b69f0f6f,k8s_011,simple_w_condition,4,r_at_5,1.0,19261.181187001057,0.0006718500000000001,False
01KVQFMGKTWP6RCBTR9EXYNH69,2026-06-22T11:12:56.235507+00:00,custom-openai-k8s+470d79fa,3547fa9-dirty,sha-b69f0f6f,k8s_011,simple_w_condition,4,khr,1.0,19261.181187001057,0.0006718500000000001,False
01KVQFMGKTWP6RCBTR9EXYNH69,2026-06-22T11:12:56.235507+00:00,custom-openai-k8s+470d79fa,3547fa9-dirty,sha-b69f0f6f,k8s_011,simple_w_condition,4,citation_acc,1.0,19261.181187001057,0.0006718500000000001,False
01KVQFMGKTWP6RCBTR9EXYNH69,2026-06-22T11:12:56.235507+00:00,custom-openai-k8s+470d79fa,3547fa9-dirty,sha-b69f0f6f,k8s_012,simple_w_condition,4,p_at_5,0.6,6222.9590569622815,0.00024855,False
01KVQFMGKTWP6RCBTR9EXYNH69,2026-06-22T11:12:56.235507+00:00,custom-openai-k8s+470d79fa,3547fa9-dirty,sha-b69f0f6f,k8s_012,simple_w_condition,4,r_at_5,1.0,6222.9590569622815,0.00024855,False
01KVQFMGKTWP6RCBTR9EXYNH69,2026-06-22T11:12:56.235507+00:00,custom-openai-k8s+470d79fa,3547fa9-dirty,sha-b69f0f6f,k8s_012,simple_w_condition,4,khr,1.0,6222.9590569622815,0.00024855,False
01KVQFMGKTWP6RCBTR9EXYNH69,2026-06-22T11:12:56.235507+00:00,custom-openai-k8s+470d79fa,3547fa9-dirty,sha-b69f0f6f,k8s_012,simple_w_condition,4,citation_acc,1.0,6222.9590569622815,0.00024855,False
01KVQFMGKTWP6RCBTR9EXYNH69,2026-06-22T11:12:56.235507+00:00,custom-openai-k8s+470d79fa,3547fa9-dirty,sha-b69f0f6f,k8s_013,simple_w_condition,4,p_at_5,0.8,5172.5856439443305,0.0002742,False
01KVQFMGKTWP6RCBTR9EXYNH69,2026-06-22T11:12:56.235507+00:00,custom-openai-k8s+470d79fa,3547fa9-dirty,sha-b69f0f6f,k8s_013,simple_w_condition,4,r_at_5,1.0,5172.5856439443305,0.0002742,False
01KVQFMGKTWP6RCBTR9EXYNH69,2026-06-22T11:12:56.235507+00:00,custom-openai-k8s+470d79fa,3547fa9-dirty,sha-b69f0f6f,k8s_013,simple_w_condition,4,khr,1.0,5172.5856439443305,0.0002742,False
01KVQFMGKTWP6RCBTR9EXYNH69,2026-06-22T11:12:56.235507+00:00,custom-openai-k8s+470d79fa,3547fa9-dirty,sha-b69f0f6f,k8s_013,simple_w_condition,4,citation_acc,1.0,5172.5856439443305,0.0002742,False
01KVQFMGKTWP6RCBTR9EXYNH69,2026-06-22T11:12:56.235507+00:00,custom-openai-k8s+470d79fa,3547fa9-dirty,sha-b69f0f6f,k8s_014,comparison,4,p_at_5,0.8,7035.529895918444,0.0002778,False
01KVQFMGKTWP6RCBTR9EXYNH69,2026-06-22T11:12:56.235507+00:00,custom-openai-k8s+470d79fa,3547fa9-dirty,sha-b69f0f6f,k8s_014,comparison,4,r_at_5,1.0,7035.529895918444,0.0002778,False
01KVQFMGKTWP6RCBTR9EXYNH69,2026-06-22T11:12:56.235507+00:00,custom-openai-k8s+470d79fa,3547fa9-dirty,sha-b69f0f6f,k8s_014,comparison,4,khr,1.0,7035.529895918444,0.0002778,False
01KVQFMGKTWP6RCBTR9EXYNH69,2026-06-22T11:12:56.235507+00:00,custom-openai-k8s+470d79fa,3547fa9-dirty,sha-b69f0f6f,k8s_014,comparison,4,citation_acc,1.0,7035.529895918444,0.0002778,False
01KVQFMGKTWP6RCBTR9EXYNH69,2026-06-22T11:12:56.235507+00:00,custom-openai-k8s+470d79fa,3547fa9-dirty,sha-b69f0f6f,k8s_015,comparison,4,p_at_5,1.0,5079.905326012522,0.00022845,False
01KVQFMGKTWP6RCBTR9EXYNH69,2026-06-22T11:12:56.235507+00:00,custom-openai-k8s+470d79fa,3547fa9-dirty,sha-b69f0f6f,k8s_015,comparison,4,r_at_5,0.5,5079.905326012522,0.00022845,False
01KVQFMGKTWP6RCBTR9EXYNH69,2026-06-22T11:12:56.235507+00:00,custom-openai-k8s+470d79fa,3547fa9-dirty,sha-b69f0f6f,k8s_015,comparison,4,khr,0.8,5079.905326012522,0.00022845,False
01KVQFMGKTWP6RCBTR9EXYNH69,2026-06-22T11:12:56.235507+00:00,custom-openai-k8s+470d79fa,3547fa9-dirty,sha-b69f0f6f,k8s_015,comparison,4,citation_acc,1.0,5079.905326012522,0.00022845,False
01KVQFMGKTWP6RCBTR9EXYNH69,2026-06-22T11:12:56.235507+00:00,custom-openai-k8s+470d79fa,3547fa9-dirty,sha-b69f0f6f,k8s_016,comparison,4,p_at_5,0.8,6912.514557945542,0.00026984999999999997,False
01KVQFMGKTWP6RCBTR9EXYNH69,2026-06-22T11:12:56.235507+00:00,custom-openai-k8s+470d79fa,3547fa9-dirty,sha-b69f0f6f,k8s_016,comparison,4,r_at_5,1.0,6912.514557945542,0.00026984999999999997,False
01KVQFMGKTWP6RCBTR9EXYNH69,2026-06-22T11:12:56.235507+00:00,custom-openai-k8s+470d79fa,3547fa9-dirty,sha-b69f0f6f,k8s_016,comparison,4,khr,1.0,6912.514557945542,0.00026984999999999997,False
01KVQFMGKTWP6RCBTR9EXYNH69,2026-06-22T11:12:56.235507+00:00,custom-openai-k8s+470d79fa,3547fa9-dirty,sha-b69f0f6f,k8s_016,comparison,4,citation_acc,1.0,6912.514557945542,0.00026984999999999997,False
01KVQFMGKTWP6RCBTR9EXYNH69,2026-06-22T11:12:56.235507+00:00,custom-openai-k8s+470d79fa,3547fa9-dirty,sha-b69f0f6f,k8s_017,multi_hop,4,p_at_5,1.0,2967.051479034126,0.0002028,False
01KVQFMGKTWP6RCBTR9EXYNH69,2026-06-22T11:12:56.235507+00:00,custom-openai-k8s+470d79fa,3547fa9-dirty,sha-b69f0f6f,k8s_017,multi_hop,4,r_at_5,1.0,2967.051479034126,0.0002028,False
01KVQFMGKTWP6RCBTR9EXYNH69,2026-06-22T11:12:56.235507+00:00,custom-openai-k8s+470d79fa,3547fa9-dirty,sha-b69f0f6f,k8s_017,multi_hop,4,khr,1.0,2967.051479034126,0.0002028,False
01KVQFMGKTWP6RCBTR9EXYNH69,2026-06-22T11:12:56.235507+00:00,custom-openai-k8s+470d79fa,3547fa9-dirty,sha-b69f0f6f,k8s_017,multi_hop,4,citation_acc,1.0,2967.051479034126,0.0002028,False
01KVQFMGKTWP6RCBTR9EXYNH69,2026-06-22T11:12:56.235507+00:00,custom-openai-k8s+470d79fa,3547fa9-dirty,sha-b69f0f6f,k8s_018,multi_hop,4,p_at_5,1.0,3767.135006026365,0.0002184,False
01KVQFMGKTWP6RCBTR9EXYNH69,2026-06-22T11:12:56.235507+00:00,custom-openai-k8s+470d79fa,3547fa9-dirty,sha-b69f0f6f,k8s_018,multi_hop,4,r_at_5,1.0,3767.135006026365,0.0002184,False
01KVQFMGKTWP6RCBTR9EXYNH69,2026-06-22T11:12:56.235507+00:00,custom-openai-k8s+470d79fa,3547fa9-dirty,sha-b69f0f6f,k8s_018,multi_hop,4,khr,0.8,3767.135006026365,0.0002184,False
01KVQFMGKTWP6RCBTR9EXYNH69,2026-06-22T11:12:56.235507+00:00,custom-openai-k8s+470d79fa,3547fa9-dirty,sha-b69f0f6f,k8s_018,multi_hop,4,citation_acc,1.0,3767.135006026365,0.0002184,False
01KVQFMGKTWP6RCBTR9EXYNH69,2026-06-22T11:12:56.235507+00:00,custom-openai-k8s+470d79fa,3547fa9-dirty,sha-b69f0f6f,k8s_019,multi_hop,4,p_at_5,0.6,7833.192417048849,0.0002736,False
01KVQFMGKTWP6RCBTR9EXYNH69,2026-06-22T11:12:56.235507+00:00,custom-openai-k8s+470d79fa,3547fa9-dirty,sha-b69f0f6f,k8s_019,multi_hop,4,r_at_5,1.0,7833.192417048849,0.0002736,False
01KVQFMGKTWP6RCBTR9EXYNH69,2026-06-22T11:12:56.235507+00:00,custom-openai-k8s+470d79fa,3547fa9-dirty,sha-b69f0f6f,k8s_019,multi_hop,4,khr,1.0,7833.192417048849,0.0002736,False
01KVQFMGKTWP6RCBTR9EXYNH69,2026-06-22T11:12:56.235507+00:00,custom-openai-k8s+470d79fa,3547fa9-dirty,sha-b69f0f6f,k8s_019,multi_hop,4,citation_acc,1.0,7833.192417048849,0.0002736,False
01KVQFMGKTWP6RCBTR9EXYNH69,2026-06-22T11:12:56.235507+00:00,custom-openai-k8s+470d79fa,3547fa9-dirty,sha-b69f0f6f,k8s_020,multi_hop,4,p_at_5,1.0,11602.301320061088,0.00035265000000000003,False
01KVQFMGKTWP6RCBTR9EXYNH69,2026-06-22T11:12:56.235507+00:00,custom-openai-k8s+470d79fa,3547fa9-dirty,sha-b69f0f6f,k8s_020,multi_hop,4,r_at_5,1.0,11602.301320061088,0.00035265000000000003,False
01KVQFMGKTWP6RCBTR9EXYNH69,2026-06-22T11:12:56.235507+00:00,custom-openai-k8s+470d79fa,3547fa9-dirty,sha-b69f0f6f,k8s_020,multi_hop,4,khr,0.8,11602.301320061088,0.00035265000000000003,False
01KVQFMGKTWP6RCBTR9EXYNH69,2026-06-22T11:12:56.235507+00:00,custom-openai-k8s+470d79fa,3547fa9-dirty,sha-b69f0f6f,k8s_020,multi_hop,4,citation_acc,1.0,11602.301320061088,0.00035265000000000003,False
01KVQFMGKTWP6RCBTR9EXYNH69,2026-06-22T11:12:56.235507+00:00,custom-openai-k8s+470d79fa,3547fa9-dirty,sha-b69f0f6f,k8s_021,multi_hop,4,p_at_5,1.0,9356.889222981408,0.00027585,False
01KVQFMGKTWP6RCBTR9EXYNH69,2026-06-22T11:12:56.235507+00:00,custom-openai-k8s+470d79fa,3547fa9-dirty,sha-b69f0f6f,k8s_021,multi_hop,4,r_at_5,1.0,9356.889222981408,0.00027585,False
01KVQFMGKTWP6RCBTR9EXYNH69,2026-06-22T11:12:56.235507+00:00,custom-openai-k8s+470d79fa,3547fa9-dirty,sha-b69f0f6f,k8s_021,multi_hop,4,khr,1.0,9356.889222981408,0.00027585,False
01KVQFMGKTWP6RCBTR9EXYNH69,2026-06-22T11:12:56.235507+00:00,custom-openai-k8s+470d79fa,3547fa9-dirty,sha-b69f0f6f,k8s_021,multi_hop,4,citation_acc,1.0,9356.889222981408,0.00027585,False
01KVQFMGKTWP6RCBTR9EXYNH69,2026-06-22T11:12:56.235507+00:00,custom-openai-k8s+470d79fa,3547fa9-dirty,sha-b69f0f6f,k8s_022,false_premise,4,p_at_5,0.2,7639.72450804431,0.00019634999999999998,False
01KVQFMGKTWP6RCBTR9EXYNH69,2026-06-22T11:12:56.235507+00:00,custom-openai-k8s+470d79fa,3547fa9-dirty,sha-b69f0f6f,k8s_022,false_premise,4,r_at_5,1.0,7639.72450804431,0.00019634999999999998,False
01KVQFMGKTWP6RCBTR9EXYNH69,2026-06-22T11:12:56.235507+00:00,custom-openai-k8s+470d79fa,3547fa9-dirty,sha-b69f0f6f,k8s_022,false_premise,4,khr,0.8,7639.72450804431,0.00019634999999999998,False
01KVQFMGKTWP6RCBTR9EXYNH69,2026-06-22T11:12:56.235507+00:00,custom-openai-k8s+470d79fa,3547fa9-dirty,sha-b69f0f6f,k8s_023,false_premise,4,p_at_5,0.6,5903.393600950949,0.00021585,False
01KVQFMGKTWP6RCBTR9EXYNH69,2026-06-22T11:12:56.235507+00:00,custom-openai-k8s+470d79fa,3547fa9-dirty,sha-b69f0f6f,k8s_023,false_premise,4,r_at_5,1.0,5903.393600950949,0.00021585,False
01KVQFMGKTWP6RCBTR9EXYNH69,2026-06-22T11:12:56.235507+00:00,custom-openai-k8s+470d79fa,3547fa9-dirty,sha-b69f0f6f,k8s_023,false_premise,4,khr,0.5,5903.393600950949,0.00021585,False
01KVQFMGKTWP6RCBTR9EXYNH69,2026-06-22T11:12:56.235507+00:00,custom-openai-k8s+470d79fa,3547fa9-dirty,sha-b69f0f6f,k8s_023,false_premise,4,citation_acc,1.0,5903.393600950949,0.00021585,False
01KVQFMGKTWP6RCBTR9EXYNH69,2026-06-22T11:12:56.235507+00:00,custom-openai-k8s+470d79fa,3547fa9-dirty,sha-b69f0f6f,k8s_024,false_premise,4,refusal_correct,1.0,6748.714460991323,0.00020145,True
01KVQFMGKTWP6RCBTR9EXYNH69,2026-06-22T11:12:56.235507+00:00,custom-openai-k8s+470d79fa,3547fa9-dirty,sha-b69f0f6f,k8s_025,set,4,p_at_5,0.8,7671.903645968996,0.0002604,False
01KVQFMGKTWP6RCBTR9EXYNH69,2026-06-22T11:12:56.235507+00:00,custom-openai-k8s+470d79fa,3547fa9-dirty,sha-b69f0f6f,k8s_025,set,4,r_at_5,1.0,7671.903645968996,0.0002604,False
01KVQFMGKTWP6RCBTR9EXYNH69,2026-06-22T11:12:56.235507+00:00,custom-openai-k8s+470d79fa,3547fa9-dirty,sha-b69f0f6f,k8s_025,set,4,khr,0.5,7671.903645968996,0.0002604,False
01KVQFMGKTWP6RCBTR9EXYNH69,2026-06-22T11:12:56.235507+00:00,custom-openai-k8s+470d79fa,3547fa9-dirty,sha-b69f0f6f,k8s_025,set,4,citation_acc,1.0,7671.903645968996,0.0002604,False
01KVQFMGKTWP6RCBTR9EXYNH69,2026-06-22T11:16:42.765767+00:00,custom-openai-k8s+470d79fa,3547fa9-dirty,sha-b69f0f6f,k8s_001,simple,5,p_at_5,1.0,6750.518091022968,0.00026714999999999996,False
01KVQFMGKTWP6RCBTR9EXYNH69,2026-06-22T11:16:42.765767+00:00,custom-openai-k8s+470d79fa,3547fa9-dirty,sha-b69f0f6f,k8s_001,simple,5,r_at_5,1.0,6750.518091022968,0.00026714999999999996,False
01KVQFMGKTWP6RCBTR9EXYNH69,2026-06-22T11:16:42.765767+00:00,custom-openai-k8s+470d79fa,3547fa9-dirty,sha-b69f0f6f,k8s_001,simple,5,khr,1.0,6750.518091022968,0.00026714999999999996,False
01KVQFMGKTWP6RCBTR9EXYNH69,2026-06-22T11:16:42.765767+00:00,custom-openai-k8s+470d79fa,3547fa9-dirty,sha-b69f0f6f,k8s_001,simple,5,citation_acc,1.0,6750.518091022968,0.00026714999999999996,False
01KVQFMGKTWP6RCBTR9EXYNH69,2026-06-22T11:16:42.765767+00:00,custom-openai-k8s+470d79fa,3547fa9-dirty,sha-b69f0f6f,k8s_002,comparison,5,p_at_5,0.6,7851.640061009675,0.00030045,False
01KVQFMGKTWP6RCBTR9EXYNH69,2026-06-22T11:16:42.765767+00:00,custom-openai-k8s+470d79fa,3547fa9-dirty,sha-b69f0f6f,k8s_002,comparison,5,r_at_5,0.5,7851.640061009675,0.00030045,False
01KVQFMGKTWP6RCBTR9EXYNH69,2026-06-22T11:16:42.765767+00:00,custom-openai-k8s+470d79fa,3547fa9-dirty,sha-b69f0f6f,k8s_002,comparison,5,khr,0.8,7851.640061009675,0.00030045,False
01KVQFMGKTWP6RCBTR9EXYNH69,2026-06-22T11:16:42.765767+00:00,custom-openai-k8s+470d79fa,3547fa9-dirty,sha-b69f0f6f,k8s_002,comparison,5,citation_acc,1.0,7851.640061009675,0.00030045,False
01KVQFMGKTWP6RCBTR9EXYNH69,2026-06-22T11:16:42.765767+00:00,custom-openai-k8s+470d79fa,3547fa9-dirty,sha-b69f0f6f,k8s_003,multi_hop,5,p_at_5,0.8,6990.809459006414,0.00032669999999999997,False
01KVQFMGKTWP6RCBTR9EXYNH69,2026-06-22T11:16:42.765767+00:00,custom-openai-k8s+470d79fa,3547fa9-dirty,sha-b69f0f6f,k8s_003,multi_hop,5,r_at_5,1.0,6990.809459006414,0.00032669999999999997,False
01KVQFMGKTWP6RCBTR9EXYNH69,2026-06-22T11:16:42.765767+00:00,custom-openai-k8s+470d79fa,3547fa9-dirty,sha-b69f0f6f,k8s_003,multi_hop,5,khr,1.0,6990.809459006414,0.00032669999999999997,False
01KVQFMGKTWP6RCBTR9EXYNH69,2026-06-22T11:16:42.765767+00:00,custom-openai-k8s+470d79fa,3547fa9-dirty,sha-b69f0f6f,k8s_003,multi_hop,5,citation_acc,1.0,6990.809459006414,0.00032669999999999997,False
01KVQFMGKTWP6RCBTR9EXYNH69,2026-06-22T11:16:42.765767+00:00,custom-openai-k8s+470d79fa,3547fa9-dirty,sha-b69f0f6f,k8s_004,false_premise,5,refusal_correct,1.0,3665.511453989893,0.0001917,True
01KVQFMGKTWP6RCBTR9EXYNH69,2026-06-22T11:16:42.765767+00:00,custom-openai-k8s+470d79fa,3547fa9-dirty,sha-b69f0f6f,k8s_005,simple_w_condition,5,p_at_5,0.8,4775.472108041868,0.0002025,False
01KVQFMGKTWP6RCBTR9EXYNH69,2026-06-22T11:16:42.765767+00:00,custom-openai-k8s+470d79fa,3547fa9-dirty,sha-b69f0f6f,k8s_005,simple_w_condition,5,r_at_5,1.0,4775.472108041868,0.0002025,False
01KVQFMGKTWP6RCBTR9EXYNH69,2026-06-22T11:16:42.765767+00:00,custom-openai-k8s+470d79fa,3547fa9-dirty,sha-b69f0f6f,k8s_005,simple_w_condition,5,khr,0.6,4775.472108041868,0.0002025,False
01KVQFMGKTWP6RCBTR9EXYNH69,2026-06-22T11:16:42.765767+00:00,custom-openai-k8s+470d79fa,3547fa9-dirty,sha-b69f0f6f,k8s_006,simple,5,p_at_5,0.6,4219.6344749536365,0.00023385,False
01KVQFMGKTWP6RCBTR9EXYNH69,2026-06-22T11:16:42.765767+00:00,custom-openai-k8s+470d79fa,3547fa9-dirty,sha-b69f0f6f,k8s_006,simple,5,r_at_5,1.0,4219.6344749536365,0.00023385,False
01KVQFMGKTWP6RCBTR9EXYNH69,2026-06-22T11:16:42.765767+00:00,custom-openai-k8s+470d79fa,3547fa9-dirty,sha-b69f0f6f,k8s_006,simple,5,khr,1.0,4219.6344749536365,0.00023385,False
01KVQFMGKTWP6RCBTR9EXYNH69,2026-06-22T11:16:42.765767+00:00,custom-openai-k8s+470d79fa,3547fa9-dirty,sha-b69f0f6f,k8s_006,simple,5,citation_acc,1.0,4219.6344749536365,0.00023385,False
01KVQFMGKTWP6RCBTR9EXYNH69,2026-06-22T11:16:42.765767+00:00,custom-openai-k8s+470d79fa,3547fa9-dirty,sha-b69f0f6f,k8s_007,simple,5,p_at_5,0.6,9861.028635990806,0.00032895,False
01KVQFMGKTWP6RCBTR9EXYNH69,2026-06-22T11:16:42.765767+00:00,custom-openai-k8s+470d79fa,3547fa9-dirty,sha-b69f0f6f,k8s_007,simple,5,r_at_5,1.0,9861.028635990806,0.00032895,False
01KVQFMGKTWP6RCBTR9EXYNH69,2026-06-22T11:16:42.765767+00:00,custom-openai-k8s+470d79fa,3547fa9-dirty,sha-b69f0f6f,k8s_007,simple,5,khr,0.6,9861.028635990806,0.00032895,False
01KVQFMGKTWP6RCBTR9EXYNH69,2026-06-22T11:16:42.765767+00:00,custom-openai-k8s+470d79fa,3547fa9-dirty,sha-b69f0f6f,k8s_007,simple,5,citation_acc,1.0,9861.028635990806,0.00032895,False
01KVQFMGKTWP6RCBTR9EXYNH69,2026-06-22T11:16:42.765767+00:00,custom-openai-k8s+470d79fa,3547fa9-dirty,sha-b69f0f6f,k8s_008,simple,5,p_at_5,1.0,7379.7146189026535,0.0003741,False
01KVQFMGKTWP6RCBTR9EXYNH69,2026-06-22T11:16:42.765767+00:00,custom-openai-k8s+470d79fa,3547fa9-dirty,sha-b69f0f6f,k8s_008,simple,5,r_at_5,1.0,7379.7146189026535,0.0003741,False
01KVQFMGKTWP6RCBTR9EXYNH69,2026-06-22T11:16:42.765767+00:00,custom-openai-k8s+470d79fa,3547fa9-dirty,sha-b69f0f6f,k8s_008,simple,5,khr,1.0,7379.7146189026535,0.0003741,False
01KVQFMGKTWP6RCBTR9EXYNH69,2026-06-22T11:16:42.765767+00:00,custom-openai-k8s+470d79fa,3547fa9-dirty,sha-b69f0f6f,k8s_008,simple,5,citation_acc,1.0,7379.7146189026535,0.0003741,False
01KVQFMGKTWP6RCBTR9EXYNH69,2026-06-22T11:16:42.765767+00:00,custom-openai-k8s+470d79fa,3547fa9-dirty,sha-b69f0f6f,k8s_009,simple,5,p_at_5,1.0,4926.698604016565,0.00025575,False
01KVQFMGKTWP6RCBTR9EXYNH69,2026-06-22T11:16:42.765767+00:00,custom-openai-k8s+470d79fa,3547fa9-dirty,sha-b69f0f6f,k8s_009,simple,5,r_at_5,1.0,4926.698604016565,0.00025575,False
01KVQFMGKTWP6RCBTR9EXYNH69,2026-06-22T11:16:42.765767+00:00,custom-openai-k8s+470d79fa,3547fa9-dirty,sha-b69f0f6f,k8s_009,simple,5,khr,1.0,4926.698604016565,0.00025575,False
01KVQFMGKTWP6RCBTR9EXYNH69,2026-06-22T11:16:42.765767+00:00,custom-openai-k8s+470d79fa,3547fa9-dirty,sha-b69f0f6f,k8s_009,simple,5,citation_acc,1.0,4926.698604016565,0.00025575,False
01KVQFMGKTWP6RCBTR9EXYNH69,2026-06-22T11:16:42.765767+00:00,custom-openai-k8s+470d79fa,3547fa9-dirty,sha-b69f0f6f,k8s_010,simple,5,p_at_5,1.0,4995.576914050616,0.00024734999999999997,False
01KVQFMGKTWP6RCBTR9EXYNH69,2026-06-22T11:16:42.765767+00:00,custom-openai-k8s+470d79fa,3547fa9-dirty,sha-b69f0f6f,k8s_010,simple,5,r_at_5,1.0,4995.576914050616,0.00024734999999999997,False
01KVQFMGKTWP6RCBTR9EXYNH69,2026-06-22T11:16:42.765767+00:00,custom-openai-k8s+470d79fa,3547fa9-dirty,sha-b69f0f6f,k8s_010,simple,5,khr,1.0,4995.576914050616,0.00024734999999999997,False
01KVQFMGKTWP6RCBTR9EXYNH69,2026-06-22T11:16:42.765767+00:00,custom-openai-k8s+470d79fa,3547fa9-dirty,sha-b69f0f6f,k8s_010,simple,5,citation_acc,1.0,4995.576914050616,0.00024734999999999997,False
01KVQFMGKTWP6RCBTR9EXYNH69,2026-06-22T11:16:42.765767+00:00,custom-openai-k8s+470d79fa,3547fa9-dirty,sha-b69f0f6f,k8s_011,simple_w_condition,5,p_at_5,0.8,12739.908416988328,0.00067245,False
01KVQFMGKTWP6RCBTR9EXYNH69,2026-06-22T11:16:42.765767+00:00,custom-openai-k8s+470d79fa,3547fa9-dirty,sha-b69f0f6f,k8s_011,simple_w_condition,5,r_at_5,1.0,12739.908416988328,0.00067245,False
01KVQFMGKTWP6RCBTR9EXYNH69,2026-06-22T11:16:42.765767+00:00,custom-openai-k8s+470d79fa,3547fa9-dirty,sha-b69f0f6f,k8s_011,simple_w_condition,5,khr,1.0,12739.908416988328,0.00067245,False
01KVQFMGKTWP6RCBTR9EXYNH69,2026-06-22T11:16:42.765767+00:00,custom-openai-k8s+470d79fa,3547fa9-dirty,sha-b69f0f6f,k8s_011,simple_w_condition,5,citation_acc,1.0,12739.908416988328,0.00067245,False
01KVQFMGKTWP6RCBTR9EXYNH69,2026-06-22T11:16:42.765767+00:00,custom-openai-k8s+470d79fa,3547fa9-dirty,sha-b69f0f6f,k8s_012,simple_w_condition,5,p_at_5,0.6,11157.883494044654,0.0002988,False
01KVQFMGKTWP6RCBTR9EXYNH69,2026-06-22T11:16:42.765767+00:00,custom-openai-k8s+470d79fa,3547fa9-dirty,sha-b69f0f6f,k8s_012,simple_w_condition,5,r_at_5,1.0,11157.883494044654,0.0002988,False
01KVQFMGKTWP6RCBTR9EXYNH69,2026-06-22T11:16:42.765767+00:00,custom-openai-k8s+470d79fa,3547fa9-dirty,sha-b69f0f6f,k8s_012,simple_w_condition,5,khr,1.0,11157.883494044654,0.0002988,False
01KVQFMGKTWP6RCBTR9EXYNH69,2026-06-22T11:16:42.765767+00:00,custom-openai-k8s+470d79fa,3547fa9-dirty,sha-b69f0f6f,k8s_012,simple_w_condition,5,citation_acc,1.0,11157.883494044654,0.0002988,False
01KVQFMGKTWP6RCBTR9EXYNH69,2026-06-22T11:16:42.765767+00:00,custom-openai-k8s+470d79fa,3547fa9-dirty,sha-b69f0f6f,k8s_013,simple_w_condition,5,p_at_5,0.8,10183.48807003349,0.00034454999999999995,False
01KVQFMGKTWP6RCBTR9EXYNH69,2026-06-22T11:16:42.765767+00:00,custom-openai-k8s+470d79fa,3547fa9-dirty,sha-b69f0f6f,k8s_013,simple_w_condition,5,r_at_5,1.0,10183.48807003349,0.00034454999999999995,False
01KVQFMGKTWP6RCBTR9EXYNH69,2026-06-22T11:16:42.765767+00:00,custom-openai-k8s+470d79fa,3547fa9-dirty,sha-b69f0f6f,k8s_013,simple_w_condition,5,khr,1.0,10183.48807003349,0.00034454999999999995,False
01KVQFMGKTWP6RCBTR9EXYNH69,2026-06-22T11:16:42.765767+00:00,custom-openai-k8s+470d79fa,3547fa9-dirty,sha-b69f0f6f,k8s_013,simple_w_condition,5,citation_acc,1.0,10183.48807003349,0.00034454999999999995,False
01KVQFMGKTWP6RCBTR9EXYNH69,2026-06-22T11:16:42.765767+00:00,custom-openai-k8s+470d79fa,3547fa9-dirty,sha-b69f0f6f,k8s_014,comparison,5,p_at_5,0.8,18727.726039942354,0.0002796,False
01KVQFMGKTWP6RCBTR9EXYNH69,2026-06-22T11:16:42.765767+00:00,custom-openai-k8s+470d79fa,3547fa9-dirty,sha-b69f0f6f,k8s_014,comparison,5,r_at_5,1.0,18727.726039942354,0.0002796,False
01KVQFMGKTWP6RCBTR9EXYNH69,2026-06-22T11:16:42.765767+00:00,custom-openai-k8s+470d79fa,3547fa9-dirty,sha-b69f0f6f,k8s_014,comparison,5,khr,1.0,18727.726039942354,0.0002796,False
01KVQFMGKTWP6RCBTR9EXYNH69,2026-06-22T11:16:42.765767+00:00,custom-openai-k8s+470d79fa,3547fa9-dirty,sha-b69f0f6f,k8s_014,comparison,5,citation_acc,1.0,18727.726039942354,0.0002796,False
01KVQFMGKTWP6RCBTR9EXYNH69,2026-06-22T11:16:42.765767+00:00,custom-openai-k8s+470d79fa,3547fa9-dirty,sha-b69f0f6f,k8s_015,comparison,5,p_at_5,1.0,5902.101622079499,0.00022545,False
01KVQFMGKTWP6RCBTR9EXYNH69,2026-06-22T11:16:42.765767+00:00,custom-openai-k8s+470d79fa,3547fa9-dirty,sha-b69f0f6f,k8s_015,comparison,5,r_at_5,0.5,5902.101622079499,0.00022545,False
01KVQFMGKTWP6RCBTR9EXYNH69,2026-06-22T11:16:42.765767+00:00,custom-openai-k8s+470d79fa,3547fa9-dirty,sha-b69f0f6f,k8s_015,comparison,5,khr,0.8,5902.101622079499,0.00022545,False
01KVQFMGKTWP6RCBTR9EXYNH69,2026-06-22T11:16:42.765767+00:00,custom-openai-k8s+470d79fa,3547fa9-dirty,sha-b69f0f6f,k8s_015,comparison,5,citation_acc,1.0,5902.101622079499,0.00022545,False
01KVQFMGKTWP6RCBTR9EXYNH69,2026-06-22T11:16:42.765767+00:00,custom-openai-k8s+470d79fa,3547fa9-dirty,sha-b69f0f6f,k8s_016,comparison,5,p_at_5,0.8,8384.532048017718,0.00026924999999999996,False
01KVQFMGKTWP6RCBTR9EXYNH69,2026-06-22T11:16:42.765767+00:00,custom-openai-k8s+470d79fa,3547fa9-dirty,sha-b69f0f6f,k8s_016,comparison,5,r_at_5,1.0,8384.532048017718,0.00026924999999999996,False
01KVQFMGKTWP6RCBTR9EXYNH69,2026-06-22T11:16:42.765767+00:00,custom-openai-k8s+470d79fa,3547fa9-dirty,sha-b69f0f6f,k8s_016,comparison,5,khr,1.0,8384.532048017718,0.00026924999999999996,False
01KVQFMGKTWP6RCBTR9EXYNH69,2026-06-22T11:16:42.765767+00:00,custom-openai-k8s+470d79fa,3547fa9-dirty,sha-b69f0f6f,k8s_016,comparison,5,citation_acc,1.0,8384.532048017718,0.00026924999999999996,False
01KVQFMGKTWP6RCBTR9EXYNH69,2026-06-22T11:16:42.765767+00:00,custom-openai-k8s+470d79fa,3547fa9-dirty,sha-b69f0f6f,k8s_017,multi_hop,5,p_at_5,1.0,9018.057052977383,0.00024539999999999995,False
01KVQFMGKTWP6RCBTR9EXYNH69,2026-06-22T11:16:42.765767+00:00,custom-openai-k8s+470d79fa,3547fa9-dirty,sha-b69f0f6f,k8s_017,multi_hop,5,r_at_5,1.0,9018.057052977383,0.00024539999999999995,False
01KVQFMGKTWP6RCBTR9EXYNH69,2026-06-22T11:16:42.765767+00:00,custom-openai-k8s+470d79fa,3547fa9-dirty,sha-b69f0f6f,k8s_017,multi_hop,5,khr,1.0,9018.057052977383,0.00024539999999999995,False
01KVQFMGKTWP6RCBTR9EXYNH69,2026-06-22T11:16:42.765767+00:00,custom-openai-k8s+470d79fa,3547fa9-dirty,sha-b69f0f6f,k8s_017,multi_hop,5,citation_acc,1.0,9018.057052977383,0.00024539999999999995,False
01KVQFMGKTWP6RCBTR9EXYNH69,2026-06-22T11:16:42.765767+00:00,custom-openai-k8s+470d79fa,3547fa9-dirty,sha-b69f0f6f,k8s_018,multi_hop,5,p_at_5,1.0,4499.697273015045,0.0002184,False
01KVQFMGKTWP6RCBTR9EXYNH69,2026-06-22T11:16:42.765767+00:00,custom-openai-k8s+470d79fa,3547fa9-dirty,sha-b69f0f6f,k8s_018,multi_hop,5,r_at_5,1.0,4499.697273015045,0.0002184,False
01KVQFMGKTWP6RCBTR9EXYNH69,2026-06-22T11:16:42.765767+00:00,custom-openai-k8s+470d79fa,3547fa9-dirty,sha-b69f0f6f,k8s_018,multi_hop,5,khr,0.8,4499.697273015045,0.0002184,False
01KVQFMGKTWP6RCBTR9EXYNH69,2026-06-22T11:16:42.765767+00:00,custom-openai-k8s+470d79fa,3547fa9-dirty,sha-b69f0f6f,k8s_018,multi_hop,5,citation_acc,1.0,4499.697273015045,0.0002184,False
01KVQFMGKTWP6RCBTR9EXYNH69,2026-06-22T11:16:42.765767+00:00,custom-openai-k8s+470d79fa,3547fa9-dirty,sha-b69f0f6f,k8s_019,multi_hop,5,p_at_5,1.0,8330.939032020979,0.00030869999999999997,False
01KVQFMGKTWP6RCBTR9EXYNH69,2026-06-22T11:16:42.765767+00:00,custom-openai-k8s+470d79fa,3547fa9-dirty,sha-b69f0f6f,k8s_019,multi_hop,5,r_at_5,1.0,8330.939032020979,0.00030869999999999997,False
01KVQFMGKTWP6RCBTR9EXYNH69,2026-06-22T11:16:42.765767+00:00,custom-openai-k8s+470d79fa,3547fa9-dirty,sha-b69f0f6f,k8s_019,multi_hop,5,khr,0.8,8330.939032020979,0.00030869999999999997,False
01KVQFMGKTWP6RCBTR9EXYNH69,2026-06-22T11:16:42.765767+00:00,custom-openai-k8s+470d79fa,3547fa9-dirty,sha-b69f0f6f,k8s_019,multi_hop,5,citation_acc,1.0,8330.939032020979,0.00030869999999999997,False
01KVQFMGKTWP6RCBTR9EXYNH69,2026-06-22T11:16:42.765767+00:00,custom-openai-k8s+470d79fa,3547fa9-dirty,sha-b69f0f6f,k8s_020,multi_hop,5,p_at_5,1.0,7080.158072058111,0.00027885000000000003,False
01KVQFMGKTWP6RCBTR9EXYNH69,2026-06-22T11:16:42.765767+00:00,custom-openai-k8s+470d79fa,3547fa9-dirty,sha-b69f0f6f,k8s_020,multi_hop,5,r_at_5,1.0,7080.158072058111,0.00027885000000000003,False
01KVQFMGKTWP6RCBTR9EXYNH69,2026-06-22T11:16:42.765767+00:00,custom-openai-k8s+470d79fa,3547fa9-dirty,sha-b69f0f6f,k8s_020,multi_hop,5,khr,0.8,7080.158072058111,0.00027885000000000003,False
01KVQFMGKTWP6RCBTR9EXYNH69,2026-06-22T11:16:42.765767+00:00,custom-openai-k8s+470d79fa,3547fa9-dirty,sha-b69f0f6f,k8s_020,multi_hop,5,citation_acc,1.0,7080.158072058111,0.00027885000000000003,False
01KVQFMGKTWP6RCBTR9EXYNH69,2026-06-22T11:16:42.765767+00:00,custom-openai-k8s+470d79fa,3547fa9-dirty,sha-b69f0f6f,k8s_021,multi_hop,5,p_at_5,1.0,7394.0600419882685,0.00027585,False
01KVQFMGKTWP6RCBTR9EXYNH69,2026-06-22T11:16:42.765767+00:00,custom-openai-k8s+470d79fa,3547fa9-dirty,sha-b69f0f6f,k8s_021,multi_hop,5,r_at_5,1.0,7394.0600419882685,0.00027585,False
01KVQFMGKTWP6RCBTR9EXYNH69,2026-06-22T11:16:42.765767+00:00,custom-openai-k8s+470d79fa,3547fa9-dirty,sha-b69f0f6f,k8s_021,multi_hop,5,khr,1.0,7394.0600419882685,0.00027585,False
01KVQFMGKTWP6RCBTR9EXYNH69,2026-06-22T11:16:42.765767+00:00,custom-openai-k8s+470d79fa,3547fa9-dirty,sha-b69f0f6f,k8s_021,multi_hop,5,citation_acc,1.0,7394.0600419882685,0.00027585,False
01KVQFMGKTWP6RCBTR9EXYNH69,2026-06-22T11:16:42.765767+00:00,custom-openai-k8s+470d79fa,3547fa9-dirty,sha-b69f0f6f,k8s_022,false_premise,5,p_at_5,0.2,7184.693654999137,0.00018135,True
01KVQFMGKTWP6RCBTR9EXYNH69,2026-06-22T11:16:42.765767+00:00,custom-openai-k8s+470d79fa,3547fa9-dirty,sha-b69f0f6f,k8s_022,false_premise,5,r_at_5,1.0,7184.693654999137,0.00018135,True
01KVQFMGKTWP6RCBTR9EXYNH69,2026-06-22T11:16:42.765767+00:00,custom-openai-k8s+470d79fa,3547fa9-dirty,sha-b69f0f6f,k8s_022,false_premise,5,khr,0.2,7184.693654999137,0.00018135,True
01KVQFMGKTWP6RCBTR9EXYNH69,2026-06-22T11:16:42.765767+00:00,custom-openai-k8s+470d79fa,3547fa9-dirty,sha-b69f0f6f,k8s_023,false_premise,5,p_at_5,0.6,6340.149273048155,0.00021465,False
01KVQFMGKTWP6RCBTR9EXYNH69,2026-06-22T11:16:42.765767+00:00,custom-openai-k8s+470d79fa,3547fa9-dirty,sha-b69f0f6f,k8s_023,false_premise,5,r_at_5,1.0,6340.149273048155,0.00021465,False
01KVQFMGKTWP6RCBTR9EXYNH69,2026-06-22T11:16:42.765767+00:00,custom-openai-k8s+470d79fa,3547fa9-dirty,sha-b69f0f6f,k8s_023,false_premise,5,khr,0.5,6340.149273048155,0.00021465,False
01KVQFMGKTWP6RCBTR9EXYNH69,2026-06-22T11:16:42.765767+00:00,custom-openai-k8s+470d79fa,3547fa9-dirty,sha-b69f0f6f,k8s_023,false_premise,5,citation_acc,1.0,6340.149273048155,0.00021465,False
01KVQFMGKTWP6RCBTR9EXYNH69,2026-06-22T11:16:42.765767+00:00,custom-openai-k8s+470d79fa,3547fa9-dirty,sha-b69f0f6f,k8s_024,false_premise,5,refusal_correct,1.0,12814.85862203408,0.00018885,True
01KVQFMGKTWP6RCBTR9EXYNH69,2026-06-22T11:16:42.765767+00:00,custom-openai-k8s+470d79fa,3547fa9-dirty,sha-b69f0f6f,k8s_025,set,5,p_at_5,0.8,7641.778840101324,0.00026159999999999996,False
01KVQFMGKTWP6RCBTR9EXYNH69,2026-06-22T11:16:42.765767+00:00,custom-openai-k8s+470d79fa,3547fa9-dirty,sha-b69f0f6f,k8s_025,set,5,r_at_5,1.0,7641.778840101324,0.00026159999999999996,False
01KVQFMGKTWP6RCBTR9EXYNH69,2026-06-22T11:16:42.765767+00:00,custom-openai-k8s+470d79fa,3547fa9-dirty,sha-b69f0f6f,k8s_025,set,5,khr,0.5,7641.778840101324,0.00026159999999999996,False
01KVQFMGKTWP6RCBTR9EXYNH69,2026-06-22T11:16:42.765767+00:00,custom-openai-k8s+470d79fa,3547fa9-dirty,sha-b69f0f6f,k8s_025,set,5,citation_acc,1.0,7641.778840101324,0.00026159999999999996,False
